Ag,Al,Au,B,Ba,Be,Bi,C,Ca,Ce,Co,Cr,Cu,Dy,Er,Fe,Ga,Gd,Ge,Hf,Ho,In,Ir,La,Li,Lu,Mg,Mn,Mo,Nb,Nd,Ni,P,Pb,Pd,Pr,Pt,Re,Rh,Ru,Sc,Si,Sm,Sn,Sr,Ta,Tb,Ti,Tm,U,V,W,Y,Yb,Zn,Zr,Load,HV
0,0.17,0,0,0,0,0,0,0,0,0.29,0,0,0,0,0,0,0,0,0,0,0,0,0,0,0,0,0,0,0,0,0,0,0,0,0,0,0,0,0,0,0,0,0,0,0,0,0,0,0,0,0,0,0,0,0.54,19.6,553
0,0.1666,0,0,0,0,0,0,0,0,0.2842,0,0,0,0,0,0,0,0,0,0,0,0,0,0,0,0,0,0,0,0,0,0,0,0,0,0,0,0,0,0,0,0,0,0,0.02,0,0,0,0,0,0,0,0,0,0.5292,19.6,551
0,0.1675,0,0,0,0,0,0,0,0,0.2857,0,0,0,0,0,0,0,0,0,0,0,0,0,0,0,0,0,0,0,0,0,0,0,0,0,0,0,0,0,0,0,0,0,0,0.015,0,0,0,0,0,0,0,0,0,0.5319,19.6,537
0,0.1683,0,0,0,0,0,0,0,0,0.2871,0,0,0,0,0,0,0,0,0,0,0,0,0,0,0,0,0,0,0,0,0,0,0,0,0,0,0,0,0,0,0,0,0,0,0.01,0,0,0,0,0,0,0,0,0,0.5346,19.6,534
0,0,0,0.07,0,0,0,0.03,0,0,0,0,0,0,0,0.25,0,0,0,0,0,0,0,0,0,0,0,0.55,0,0,0,0,0.1,0,0,0,0,0,0,0,0,0,0,0,0,0,0,0,0,0,0,0,0,0,0,0,9.999999998,935.7068
0,0,0,0.07,0,0,0,0.03,0,0,0,0,0,0,0,0.3,0,0,0,0,0,0,0,0,0,0,0,0.5,0,0,0,0,0.1,0,0,0,0,0,0,0,0,0,0,0,0,0,0,0,0,0,0,0,0,0,0,0,9.999999998,926.5232
0,0,0,0.07,0,0,0,0.03,0,0,0,0,0,0,0,0.35,0,0,0,0,0,0,0,0,0,0,0,0.45,0,0,0,0,0.1,0,0,0,0,0,0,0,0,0,0,0,0,0,0,0,0,0,0,0,0,0,0,0,9.999999998,916.3192
0,0,0,0.07,0,0,0,0.03,0,0,0,0,0,0,0,0.4,0,0,0,0,0,0,0,0,0,0,0,0.4,0,0,0,0,0.1,0,0,0,0,0,0,0,0,0,0,0,0,0,0,0,0,0,0,0,0,0,0,0,9.999999998,901.0132
0,0,0,0.07,0,0,0,0.03,0,0,0,0,0,0,0,0.45,0,0,0,0,0,0,0,0,0,0,0,0.35,0,0,0,0,0.1,0,0,0,0,0,0,0,0,0,0,0,0,0,0,0,0,0,0,0,0,0,0,0,9.999999998,892.85
0,0,0,0.07,0,0,0,0.03,0,0,0,0,0,0,0,0.5,0,0,0,0,0,0,0,0,0,0,0,0.3,0,0,0,0,0.1,0,0,0,0,0,0,0,0,0,0,0,0,0,0,0,0,0,0,0,0,0,0,0,9.999999998,883.6664
0,0,0,0.07,0,0,0,0.03,0,0,0,0,0,0,0,0.55,0,0,0,0,0,0,0,0,0,0,0,0.25,0,0,0,0,0.1,0,0,0,0,0,0,0,0,0,0,0,0,0,0,0,0,0,0,0,0,0,0,0,9.999999998,872.442
0,0,0,0.098,0,0,0,0.147,0,0,0,0.441,0,0,0,0.147,0,0,0,0,0,0,0,0,0,0,0,0,0.147,0,0,0,0,0,0,0,0,0,0,0,0,0,0,0,0,0,0,0,0,0,0,0,0.02,0,0,0,9.800000001,1443.866
0,0,0,0.098,0,0,0,0.147,0,0,0,0.3675,0,0,0,0.2205,0,0,0,0,0,0,0,0,0,0,0,0,0.147,0,0,0,0,0,0,0,0,0,0,0,0,0,0,0,0,0,0,0,0,0,0,0,0.02,0,0,0,9.800000001,1423.458
0,0,0,0.06,0,0,0,0.15,0,0,0.07,0.45,0,0,0,0.11,0,0,0,0,0,0,0,0,0,0,0,0,0.14,0,0,0,0,0,0,0,0,0,0,0,0,0,0,0,0,0,0,0,0,0,0,0,0.02,0,0,0,9.800000001,1415.2948
0,0,0,0.098,0,0,0,0.147,0,0,0,0.294,0,0,0,0.294,0,0,0,0,0,0,0,0,0,0,0,0,0.147,0,0,0,0,0,0,0,0,0,0,0,0,0,0,0,0,0,0,0,0,0,0,0,0.02,0,0,0,9.800000001,1393.8664
0,0,0,0.06,0,0,0,0.15,0,0,0.07,0.3,0,0,0,0.26,0,0,0,0,0,0,0,0,0,0,0,0,0.14,0,0,0,0,0,0,0,0,0,0,0,0,0,0,0,0,0,0,0,0,0,0,0,0.02,0,0,0,9.800000001,1322.4384
0,0,0,0.06,0,0,0,0.15,0,0,0.07,0.15,0,0,0,0.41,0,0,0,0,0,0,0,0,0,0,0,0,0.14,0,0,0,0,0,0,0,0,0,0,0,0,0,0,0,0,0,0,0,0,0,0,0,0.02,0,0,0,9.800000001,1262.2348
0,0,0,0.2304,0,0,0,0,0,0,0,0,0,0,0,0.6816,0,0,0,0,0,0,0,0,0,0,0,0,0,0.04,0,0,0,0,0,0,0,0,0,0,0,0,0,0,0,0,0,0,0.048,0,0,0,0,0,0,0,9.800000001,1142.848
0,0,0,0.2304,0,0,0,0,0,0,0,0,0,0,0.048,0.6816,0,0,0,0,0,0,0,0,0,0,0,0,0,0.04,0,0,0,0,0,0,0,0,0,0,0,0,0,0,0,0,0,0,0,0,0,0,0,0,0,0,9.800000001,1132.644
0,0,0,0.2304,0,0,0,0,0,0,0,0,0,0,0,0.6816,0,0,0,0,0.048,0,0,0,0,0,0,0,0,0.04,0,0,0,0,0,0,0,0,0,0,0,0,0,0,0,0,0,0,0,0,0,0,0,0,0,0,9.800000001,1132.644
0,0,0,0.2304,0,0,0,0,0,0,0,0,0,0.0192,0,0.7104,0,0,0,0,0,0,0,0,0,0,0,0,0,0.04,0,0,0,0,0,0,0,0,0,0,0,0,0,0,0,0,0,0,0,0,0,0,0,0,0,0,9.800000001,1132.644
0,0,0,0.2304,0,0,0,0,0,0,0,0,0,0,0,0.6816,0,0.048,0,0,0,0,0,0,0,0,0,0,0,0.04,0,0,0,0,0,0,0,0,0,0,0,0,0,0,0,0,0,0,0,0,0,0,0,0,0,0,9.800000001,1122.44
0,0,0,0.2304,0,0,0,0,0,0,0,0,0,0.0288,0,0.7008,0,0,0,0,0,0,0,0,0,0,0,0,0,0.04,0,0,0,0,0,0,0,0,0,0,0,0,0,0,0,0,0,0,0,0,0,0,0,0,0,0,9.800000001,1122.44
0,0,0,0.2304,0,0,0,0,0,0,0,0,0,0.0672,0,0.6624,0,0,0,0,0,0,0,0,0,0,0,0,0,0.04,0,0,0,0,0,0,0,0,0,0,0,0,0,0,0,0,0,0,0,0,0,0,0,0,0,0,9.800000001,1112.236
0,0,0,0.2304,0,0,0,0,0,0,0,0,0,0.0576,0,0.672,0,0,0,0,0,0,0,0,0,0,0,0,0,0.04,0,0,0,0,0,0,0,0,0,0,0,0,0,0,0,0,0,0,0,0,0,0,0,0,0,0,9.800000001,1112.236
0,0,0,0.2304,0,0,0,0,0,0,0,0,0,0.048,0,0.6816,0,0,0,0,0,0,0,0,0,0,0,0,0,0.04,0,0,0,0,0,0,0,0,0,0,0,0,0,0,0,0,0,0,0,0,0,0,0,0,0,0,9.800000001,1112.236
0,0,0,0.2304,0,0,0,0,0,0,0,0,0,0,0,0.6816,0,0,0,0,0,0,0,0,0,0,0,0,0,0.04,0,0,0,0,0,0,0,0,0,0,0,0,0,0,0,0,0.048,0,0,0,0,0,0,0,0,0,9.800000001,1112.236
0,0,0,0.2304,0,0,0,0,0,0,0,0,0,0.0384,0,0.6912,0,0,0,0,0,0,0,0,0,0,0,0,0,0.04,0,0,0,0,0,0,0,0,0,0,0,0,0,0,0,0,0,0,0,0,0,0,0,0,0,0,9.800000001,1112.236
0,0,0,0.23,0,0,0,0,0,0,0,0,0,0,0,0.71,0,0,0,0,0,0,0,0,0,0,0,0,0,0.06,0,0,0,0,0,0,0,0,0,0,0,0,0,0,0,0,0,0,0,0,0,0,0,0,0,0,9.800000001,1112.236
0,0,0,0.192,0,0,0,0,0,0,0,0,0,0,0,0.7008,0,0,0,0,0,0,0,0,0,0,0,0,0,0.04,0,0,0,0,0,0,0,0,0,0,0,0.048,0,0,0,0,0.0192,0,0,0,0,0,0,0,0,0,9.800000001,1112
0,0,0,0.192,0,0,0,0,0,0,0,0,0,0,0,0.6912,0,0,0,0,0,0,0,0,0,0,0,0,0,0.04,0,0,0,0,0,0,0,0,0,0,0,0.048,0,0,0,0,0.0288,0,0,0,0,0,0,0,0,0,9.800000001,1103
0,0,0,0.23,0,0,0,0,0,0,0,0,0,0,0.01,0.7,0,0,0,0,0,0,0,0,0,0,0,0,0,0.06,0,0,0,0,0,0,0,0,0,0,0,0,0,0,0,0,0,0,0,0,0,0,0,0,0,0,9.800000001,1096.93
0,0,0,0.192,0,0,0,0,0,0,0,0,0,0,0,0.6816,0,0,0,0,0,0,0,0,0,0,0,0,0,0.04,0,0,0,0,0,0,0,0,0,0,0,0.048,0,0,0,0,0.0384,0,0,0,0,0,0,0,0,0,9.800000001,1089
0,0,0,0.23,0,0,0,0,0,0,0,0,0,0,0.03,0.68,0,0,0,0,0,0,0,0,0,0,0,0,0,0.06,0,0,0,0,0,0,0,0,0,0,0,0,0,0,0,0,0,0,0,0,0,0,0,0,0,0,9.800000001,1086.726
0,0,0,0.23,0,0,0,0,0,0,0,0,0,0,0,0.7,0,0,0,0,0.01,0,0,0,0,0,0,0,0,0.06,0,0,0,0,0,0,0,0,0,0,0,0,0,0,0,0,0,0,0,0,0,0,0,0,0,0,9.800000001,1086.726
0,0,0,0.192,0,0,0,0,0,0,0,0,0,0,0,0.672,0,0,0,0,0,0,0,0,0,0,0,0,0,0.04,0,0,0,0,0,0,0,0,0,0,0,0.048,0,0,0,0,0.048,0,0,0,0,0,0,0,0,0,9.800000001,1085
0,0,0,0.23,0,0,0,0,0,0,0,0,0,0.05,0,0.66,0,0,0,0,0,0,0,0,0,0,0,0,0,0.06,0,0,0,0,0,0,0,0,0,0,0,0,0,0,0,0,0,0,0,0,0,0,0,0,0,0,9.800000001,1081.624
0,0,0,0.23,0,0,0,0,0,0,0,0,0,0,0,0.69,0,0,0,0,0.02,0,0,0,0,0,0,0,0,0.06,0,0,0,0,0,0,0,0,0,0,0,0,0,0,0,0,0,0,0,0,0,0,0,0,0,0,9.800000001,1081.624
0,0,0,0.23,0,0,0,0,0,0,0,0,0,0,0,0.68,0,0,0,0,0.03,0,0,0,0,0,0,0,0,0.06,0,0,0,0,0,0,0,0,0,0,0,0,0,0,0,0,0,0,0,0,0,0,0,0,0,0,9.800000001,1076.522
0,0,0,0.192,0,0,0,0,0,0,0,0,0,0,0,0.6624,0,0,0,0,0,0,0,0,0,0,0,0,0,0.04,0,0,0,0,0,0,0,0,0,0,0,0.048,0,0,0,0,0.0576,0,0,0,0,0,0,0,0,0,9.800000001,1072
0,0,0,0.23,0,0,0,0,0,0,0,0,0,0,0,0.67,0,0,0,0,0.04,0,0,0,0,0,0,0,0,0.06,0,0,0,0,0,0,0,0,0,0,0,0,0,0,0,0,0,0,0,0,0,0,0,0,0,0,9.800000001,1071.42
0,0,0,0.23,0,0,0,0,0,0,0,0,0,0,0,0.66,0,0,0,0,0.05,0,0,0,0,0,0,0,0,0.06,0,0,0,0,0,0,0,0,0,0,0,0,0,0,0,0,0,0,0,0,0,0,0,0,0,0,9.800000001,1066.318
0,0,0,0.23,0,0,0,0,0,0,0,0,0,0,0,0.65,0,0,0,0,0.06,0,0,0,0,0,0,0,0,0.06,0,0,0,0,0,0,0,0,0,0,0,0,0,0,0,0,0,0,0,0,0,0,0,0,0,0,9.800000001,1061.216
0,0,0,0.23,0,0,0,0,0,0,0,0,0,0,0.05,0.66,0,0,0,0,0,0,0,0,0,0,0,0,0,0.06,0,0,0,0,0,0,0,0,0,0,0,0,0,0,0,0,0,0,0,0,0,0,0,0,0,0,9.800000001,1061.216
0,0,0,0.23,0,0,0,0,0,0,0,0,0,0,0.07,0.64,0,0,0,0,0,0,0,0,0,0,0,0,0,0.06,0,0,0,0,0,0,0,0,0,0,0,0,0,0,0,0,0,0,0,0,0,0,0,0,0,0,9.800000001,1051.012
0,0,0,0.192,0,0,0,0,0,0,0,0,0,0,0,0.6528,0,0,0,0,0,0,0,0,0,0,0,0,0,0.04,0,0,0,0,0,0,0,0,0,0,0,0.048,0,0,0,0,0.0672,0,0,0,0,0,0,0,0,0,9.800000001,1046
0,0,0,0.23,0,0,0,0,0,0,0,0,0,0,0,0.66,0,0,0,0,0,0,0,0,0,0,0,0,0,0.06,0,0,0,0,0,0,0,0,0,0,0,0,0,0,0,0,0,0,0.05,0,0,0,0,0,0,0,9.800000001,1040.808
0,0,0,0.192,0,0,0,0,0,0,0,0,0,0,0,0.7104,0,0,0,0,0,0,0,0,0,0,0,0,0,0.04,0,0,0,0,0,0,0,0,0,0,0,0.048,0,0,0,0,0.0096,0,0,0,0,0,0,0,0,0,9.800000001,1026
0,0,0,0,0,0,0,0,0,0,0,0,0,0,0,0,0,0,0,0,0,0,0,0,0,0,0,0,0,0.33,0,0.62,0,0,0,0,0,0,0,0,0,0,0,0,0,0,0,0,0,0,0,0,0,0,0,0.05,9.800000001,579.95
0.0836,0.08,0,0,0,0.075,0,0,0,0,0,0,0.3014,0,0,0,0,0,0,0,0,0,0,0,0,0,0,0,0,0,0,0,0,0,0,0,0,0,0,0,0,0,0,0,0,0,0,0,0,0,0,0,0,0,0,0.46,9.800000001,571
0.0543,0.1395,0,0,0,0.0488,0,0,0,0,0,0,0.1959,0,0,0,0,0,0,0,0,0,0,0,0,0,0,0,0,0,0,0,0,0,0,0,0,0,0,0,0,0,0,0,0,0,0,0,0,0,0,0,0,0,0,0.5615,9.800000001,538
0,0.1,0,0,0,0,0,0,0,0,0,0,0.153,0,0,0,0,0,0,0.2835,0,0,0,0,0,0,0,0,0,0.05,0,0.125,0,0,0,0,0,0,0,0,0,0,0,0,0,0,0,0,0,0,0,0,0.005,0,0,0.2835,9.800000001,533.6692
0.0669,0.064,0,0,0,0.06,0,0,0,0,0,0,0.2911,0,0,0,0,0,0,0,0,0,0,0,0,0,0,0,0,0,0,0,0,0,0,0,0,0,0,0,0,0,0,0,0,0,0,0,0,0,0,0,0,0,0,0.518,9.800000001,533
0.0543,0.052,0,0,0,0.0488,0,0,0,0,0,0,0.3114,0,0,0,0,0,0,0,0,0,0,0,0,0,0,0,0,0,0,0,0,0,0,0,0,0,0,0,0,0,0,0,0,0,0,0,0,0,0,0,0,0,0,0.5335,9.800000001,531
0.0669,0.064,0,0,0,0.06,0,0,0,0,0,0,0.3071,0,0,0,0,0,0,0,0,0,0,0,0,0,0,0,0,0,0,0,0,0,0,0,0,0,0,0,0,0,0,0,0,0,0,0,0,0,0,0,0,0,0,0.502,9.800000001,530
0.0585,0.056,0,0,0,0.0525,0,0,0,0,0,0,0.286,0,0,0,0,0,0,0,0,0,0,0,0,0,0,0,0,0,0,0,0,0,0,0,0,0,0,0,0,0,0,0,0,0,0,0,0,0,0,0,0,0,0,0.547,9.800000001,528
0.0711,0.068,0,0,0,0.0638,0,0,0,0,0,0,0.2562,0,0,0,0,0,0,0,0,0,0,0,0,0,0,0,0,0,0,0,0,0,0,0,0,0,0,0,0,0,0,0,0,0,0,0,0,0,0,0,0,0,0,0.541,9.800000001,525
0,0.05,0,0,0,0,0,0,0,0,0,0,0.475,0,0,0,0,0,0,0,0,0,0,0,0,0,0,0,0,0,0,0,0,0,0,0,0,0,0,0,0,0,0,0,0,0,0,0,0,0,0,0,0,0,0,0.475,9.800000001,480
0,0.09,0,0,0,0,0,0,0,0,0,0,0.23,0,0,0.045,0,0,0,0.03,0,0,0,0,0,0,0,0,0,0,0,0,0,0,0,0,0,0,0,0,0,0,0,0,0,0,0,0,0,0,0,0,0,0,0,0.605,9.800000001,468
0,0.1,0,0,0,0,0,0,0,0,0,0,0.153,0,0,0,0,0,0,0,0,0,0,0,0,0,0,0,0,0.05,0,0.125,0,0,0,0,0,0,0,0,0,0,0,0,0,0,0,0,0,0,0,0,0.005,0,0,0.567,9.800000001,459.18
0,0,0,0,0,0,0,0,0,0,0.02,0,0.34,0,0,0,0,0,0,0,0,0,0,0,0,0,0,0,0,0,0,0,0,0,0.14,0,0,0,0,0,0,0,0,0,0,0,0,0.4,0,0,0,0,0,0,0,0.1,9.800000001,391
0,0,0,0,0,0,0,0,0,0,0.06,0,0.3,0,0,0,0,0,0,0,0,0,0,0,0,0,0,0,0,0,0,0,0,0,0.14,0,0,0,0,0,0,0,0,0,0,0,0,0.4,0,0,0,0,0,0,0,0.1,9.800000001,368
0,0,0,0,0,0,0,0,0.03,0,0,0,0,0,0,0,0,0,0,0,0,0,0,0,0,0,0,0,0,0,0,0.333,0,0,0,0,0,0,0,0,0,0,0,0,0,0,0,0,0,0,0,0,0,0,0,0.637,9.800000001,299
0,0,0,0,0,0,0,0,0.06,0,0,0,0,0,0,0,0,0,0,0,0,0,0,0,0,0,0.6,0,0,0,0,0,0,0,0,0,0,0,0,0,0,0,0,0,0,0,0,0,0,0,0,0,0,0,0.34,0,9.800000001,296
0,0,0,0,0,0,0,0,0.05,0,0,0,0,0,0,0,0,0,0,0,0,0,0,0,0,0,0,0,0,0,0,0.333,0,0,0,0,0,0,0,0,0,0,0,0,0,0,0,0,0,0,0,0,0,0,0,0.617,9.800000001,262
0,0,0,0,0,0,0,0,0.04,0,0,0,0,0,0,0,0,0,0,0,0,0,0,0,0,0,0.73,0,0,0,0,0,0,0,0,0,0,0,0,0,0,0,0,0,0,0,0,0,0,0,0,0,0,0,0.23,0,9.800000001,212
0,0,0,0,0,0,0,0,0,0,0,0,0,0,0,0,0,0,0,0,0,0,0,0,0,0,0,0,0,0,0,0.333,0,0,0,0,0,0,0,0,0,0,0,0,0,0,0,0,0,0,0,0,0,0,0,0.667,9.800000001,211
0,0,0,0.0599,0,0,0,0.1496,0,0,0.0698,0.1496,0.0025,0,0,0.409,0,0,0,0,0,0,0,0,0,0,0,0,0.1397,0,0,0,0,0,0,0,0,0,0,0,0,0,0,0,0,0,0,0,0,0,0,0,0.02,0,0,0,5,1549.9876
0,0,0,0.0597,0,0,0,0.1493,0,0,0.0697,0.1493,0.005,0,0,0.408,0,0,0,0,0,0,0,0,0,0,0,0,0.1393,0,0,0,0,0,0,0,0,0,0,0,0,0,0,0,0,0,0,0,0,0,0,0,0.0199,0,0,0,5,1430.6008
0,0,0,0.35,0,0,0,0,0,0,0.57,0,0,0,0,0,0,0,0,0,0,0,0,0,0,0,0,0,0,0,0,0.02,0,0,0,0,0,0,0,0,0,0,0,0,0,0.06,0,0,0,0,0,0,0,0,0,0,5,1410
0,0,0,0.06,0,0,0,0.15,0,0,0.07,0.15,0,0,0,0.41,0,0,0,0,0,0,0,0,0,0,0,0,0.14,0,0,0,0,0,0,0,0,0,0,0,0,0,0,0,0,0,0,0,0,0,0,0,0.02,0,0,0,5,1395.9072
0,0,0,0.33,0,0,0,0,0,0,0.59,0,0,0,0,0,0,0,0,0,0,0,0,0,0,0,0,0,0,0,0,0.02,0,0,0,0,0,0,0,0,0,0,0,0,0,0.06,0,0,0,0,0,0,0,0,0,0,5,1380
0,0,0,0.31,0,0,0,0,0,0,0.61,0,0,0,0,0,0,0,0,0,0,0,0,0,0,0,0,0,0,0,0,0.02,0,0,0,0,0,0,0,0,0,0,0,0,0,0.06,0,0,0,0,0,0,0,0,0,0,5,1330
0,0,0,0.29,0,0,0,0,0,0,0.63,0,0,0,0,0,0,0,0,0,0,0,0,0,0,0,0,0,0,0,0,0.02,0,0,0,0,0,0,0,0,0,0,0,0,0,0.06,0,0,0,0,0,0,0,0,0,0,5,1290
0,0.0788,0,0,0,0,0,0,0,0,0,0,0.463,0,0,0,0,0,0,0,0,0,0,0,0,0,0,0,0,0,0,0,0,0,0,0,0,0,0,0,0,0,0,0,0,0,0,0,0,0,0,0,0.015,0,0,0.4433,5,540
0,0,0,0.167,0,0,0,0,0,0,0.2,0,0,0,0,0.517,0,0,0,0,0,0,0,0,0,0,0,0,0,0,0,0,0,0,0,0,0,0,0,0,0,0.083,0,0,0,0,0,0,0,0,0,0,0,0,0,0.033,4.899999992,1348
0,0,0,0,0,0,0,0,0,0,0,0,0,0,0,0,0,0,0,0,0,0,0,0,0,0,0,0,0,0.338,0,0.6,0,0,0,0,0,0,0,0,0,0,0,0.062,0,0,0,0,0,0,0,0,0,0,0,0,4.899999992,1306.112
0,0,0,0.167,0,0,0,0,0,0,0.2,0,0,0,0,0.525,0,0,0,0.025,0,0,0,0,0,0,0,0,0,0,0,0,0,0,0,0,0,0,0,0,0,0.083,0,0,0,0,0,0,0,0,0,0,0,0,0,0,4.899999992,1278
0,0,0,0,0,0,0,0,0,0,0,0,0,0,0,0,0,0,0,0,0,0,0,0,0,0,0,0,0,0.37,0,0.6,0,0,0,0,0,0,0,0,0,0,0,0.03,0,0,0,0,0,0,0,0,0,0,0,0,4.899999992,1265.296
0,0,0,0.167,0,0,0,0,0,0,0.15,0,0,0,0,0.567,0,0,0,0,0,0,0,0,0,0,0,0,0,0,0,0,0,0,0,0,0,0,0,0,0,0.083,0,0,0,0,0,0,0,0,0,0,0,0,0,0.033,4.899999992,1254
0,0,0,0.167,0,0,0,0,0,0,0.15,0,0,0,0,0.575,0,0,0,0.025,0,0,0,0,0,0,0,0,0,0,0,0,0,0,0,0,0,0,0,0,0,0.083,0,0,0,0,0,0,0,0,0,0,0,0,0,0,4.899999992,1223
0,0,0,0,0,0,0,0,0,0,0,0,0,0,0,0,0,0,0,0,0,0,0,0,0,0,0,0,0,0.204,0,0.6,0,0,0,0,0,0,0,0,0,0,0,0.06,0,0.136,0,0,0,0,0,0,0,0,0,0,4.899999992,1216.67394
0,0,0,0.167,0,0,0,0,0,0,0.1,0,0,0,0,0.617,0,0,0,0,0,0,0,0,0,0,0,0,0,0,0,0,0,0,0,0,0,0,0,0,0,0.083,0,0,0,0,0,0,0,0,0,0,0,0,0,0.033,4.899999992,1211
0,0,0,0,0,0,0,0,0,0,0,0,0,0,0,0,0,0,0,0,0,0,0,0,0,0,0,0,0,0.272,0,0.6,0,0,0,0,0,0,0,0,0,0,0,0.06,0,0.068,0,0,0,0,0,0,0,0,0,0,4.899999992,1194.22514
0,0,0,0.167,0,0,0,0,0,0,0.1,0,0,0,0,0.625,0,0,0,0.025,0,0,0,0,0,0,0,0,0,0,0,0,0,0,0,0,0,0,0,0,0,0.083,0,0,0,0,0,0,0,0,0,0,0,0,0,0,4.899999992,1167
0,0,0,0,0,0,0,0,0,0,0,0,0,0,0,0,0,0,0,0,0,0,0,0,0,0,0,0,0,0.068,0,0.6,0,0,0,0,0,0,0,0,0,0,0,0.06,0,0.272,0,0,0,0,0,0,0,0,0,0,4.899999992,1159.929496
0,0,0,0.167,0,0,0,0,0,0,0.05,0,0,0,0,0.667,0,0,0,0,0,0,0,0,0,0,0,0,0,0,0,0,0,0,0,0,0,0,0,0,0,0.083,0,0,0,0,0,0,0,0,0,0,0,0,0,0.033,4.899999992,1157
0,0,0,0.167,0,0,0,0,0,0,0.05,0,0,0,0,0.675,0,0,0,0.025,0,0,0,0,0,0,0,0,0,0,0,0,0,0,0,0,0,0,0,0,0,0.083,0,0,0,0,0,0,0,0,0,0,0,0,0,0,4.899999992,1112
0,0,0,0.167,0,0,0,0,0,0,0,0,0,0,0,0.717,0,0,0,0,0,0,0,0,0,0,0,0,0,0,0,0,0,0,0,0,0,0,0,0,0,0.083,0,0,0,0,0,0,0,0,0,0,0,0,0,0.033,4.899999992,1108
0,0,0,0.167,0,0,0,0,0,0,0,0,0,0,0,0.725,0,0,0,0.025,0,0,0,0,0,0,0,0,0,0,0,0,0,0,0,0,0,0,0,0,0,0.083,0,0,0,0,0,0,0,0,0,0,0,0,0,0,4.899999992,1097
0,0,0,0,0,0,0,0,0,0,0,0,0,0,0,0,0,0,0,0,0,0,0,0,0,0,0,0,0,0.331,0,0.6,0,0,0,0,0,0,0,0,0,0,0,0.069,0,0,0,0,0,0,0,0,0,0,0,0,4.899999992,1045.91
0,0,0,0,0,0,0,0,0,0,0,0,0,0,0,0,0,0,0,0,0,0,0,0,0,0,0,0,0,0.136,0,0.6,0,0,0,0,0,0,0,0,0,0,0,0.06,0,0.204,0,0,0,0,0,0,0,0,0,0,4.899999992,1027.69586
0,0.12,0,0,0,0,0,0,0,0,0,0,0.31,0,0,0,0,0,0,0.4,0,0,0,0,0,0,0,0,0,0,0,0.08,0,0,0,0,0,0,0,0,0,0,0,0,0,0,0,0,0,0,0,0,0,0,0,0.09,4.899999992,677.5456
0,0.12,0,0,0,0,0,0,0,0,0,0,0.3125,0,0,0,0,0,0,0.43,0,0,0,0,0,0,0,0,0,0,0,0.0975,0,0,0,0,0,0,0,0,0,0,0,0,0,0,0,0,0,0,0,0,0,0,0,0.04,4.899999992,666.3212
0,0.1,0,0,0,0,0,0,0,0,0,0,0.179,0,0,0,0,0,0,0.525,0,0,0,0,0,0,0,0,0,0,0,0.146,0,0,0,0,0,0,0,0,0,0,0,0,0,0,0,0.05,0,0,0,0,0,0,0,0,4.899999992,622.444
0,0,0,0,0,0,0,0,0,0,0,0,0.56,0,0,0,0,0,0,0,0,0,0,0,0,0,0,0,0,0,0,0,0,0,0,0,0,0,0,0,0,0,0,0,0,0,0,0.28,0,0,0,0,0,0,0,0.16,4.899999992,621.4236
0,0.1,0,0,0,0,0,0,0,0,0,0,0.179,0,0,0,0,0,0,0.42,0,0,0,0,0,0,0,0,0,0,0,0.146,0,0,0,0,0,0,0,0,0,0,0,0,0,0,0,0.05,0,0,0,0,0,0,0,0.105,4.899999992,612.24
0,0,0,0,0,0,0,0,0,0,0,0,0.564,0,0,0,0,0,0,0,0,0,0,0,0,0,0,0,0,0,0,0,0,0,0,0,0,0,0,0,0,0,0,0,0,0,0,0.098,0,0,0,0,0,0,0,0.338,4.899999992,604.0768
0,0.1,0,0,0,0,0,0,0,0,0,0,0.179,0,0,0,0,0,0,0.315,0,0,0,0,0,0,0,0,0,0,0,0.146,0,0,0,0,0,0,0,0,0,0,0,0,0,0,0,0.05,0,0,0,0,0,0,0,0.21,4.899999992,591.832
0,0,0,0,0,0,0,0,0,0,0,0,0.555,0,0,0,0,0,0,0,0,0,0,0,0,0,0,0,0,0,0,0,0,0,0,0,0,0,0,0,0,0,0,0,0,0,0,0.075,0,0,0,0,0,0,0,0.37,4.899999992,586.73
0,0,0,0,0,0,0,0,0,0,0,0,0.541,0,0,0,0,0,0,0,0,0,0,0,0,0,0,0,0,0,0,0,0,0,0,0,0,0,0,0,0,0,0,0,0,0,0,0.077,0,0,0,0,0,0,0,0.382,4.899999992,581.628
0,0.1,0,0,0,0,0,0,0,0,0,0,0.179,0,0,0,0,0,0,0.21,0,0,0,0,0,0,0,0,0,0,0,0.146,0,0,0,0,0,0,0,0,0,0,0,0,0,0,0,0.05,0,0,0,0,0,0,0,0.315,4.899999992,561.22
0,0.1,0,0,0,0,0,0,0,0,0,0,0.179,0,0,0,0,0,0,0.105,0,0,0,0,0,0,0,0,0,0,0,0.146,0,0,0,0,0,0,0,0,0,0,0,0,0,0,0,0.05,0,0,0,0,0,0,0,0.42,4.899999992,540.812
0,0.1,0,0,0,0,0,0,0,0,0,0,0.179,0,0,0,0,0,0,0,0,0,0,0,0,0,0,0,0,0,0,0.146,0,0,0,0,0,0,0,0,0,0,0,0,0,0,0,0.05,0,0,0,0,0,0,0,0.525,4.899999992,510.2
0.05,0.075,0,0,0,0,0,0,0,0,0,0,0.125,0,0,0,0,0,0,0,0,0,0,0,0,0,0,0,0,0,0,0.1,0,0,0,0,0,0,0,0,0,0,0,0,0,0,0,0,0,0,0,0,0,0,0,0.65,4.899999992,423.466
0,0,0,0.05,0,0,0,0,0,0,0,0,0.2,0,0,0,0,0,0,0,0,0,0,0,0,0,0.65,0,0,0,0,0,0,0,0,0,0,0,0,0,0,0,0,0,0,0,0,0,0,0,0,0,0.1,0,0,0,4.899999992,327
0,0,0,0.03,0,0,0,0,0,0,0,0,0.22,0,0,0,0,0,0,0,0,0,0,0,0,0,0.65,0,0,0,0,0,0,0,0,0,0,0,0,0,0,0,0,0,0,0,0,0,0,0,0,0,0.1,0,0,0,4.899999992,310
0,0,0,0.01,0,0,0,0,0,0,0,0,0.24,0,0,0,0,0,0,0,0,0,0,0,0,0,0.65,0,0,0,0,0,0,0,0,0,0,0,0,0,0,0,0,0,0,0,0,0,0,0,0,0,0.1,0,0,0,4.899999992,280
0,0,0,0,0,0,0,0,0,0,0,0,0.364,0,0,0,0,0,0,0,0,0,0,0,0,0,0.5,0,0,0,0,0,0,0,0,0,0,0,0,0,0,0,0,0,0,0,0,0,0,0,0,0,0,0.136,0,0,4.899999992,263
0,0,0,0,0,0,0,0,0,0,0,0,0.455,0,0,0,0,0,0,0,0,0,0,0,0,0,0.2725,0,0,0,0,0,0,0,0,0,0,0,0,0,0,0,0,0,0,0,0,0,0,0,0,0,0,0.2725,0,0,4.899999992,256
0,0,0,0,0,0,0,0,0,0,0,0,0.364,0,0,0,0,0,0,0,0,0,0,0,0,0,0.364,0,0,0,0,0,0,0,0,0,0,0,0,0,0,0,0,0,0,0,0,0,0,0,0,0,0,0.272,0,0,4.899999992,251
0,0,0,0,0,0,0,0,0,0,0,0,0.405,0,0,0,0,0,0,0,0,0,0,0,0,0,0.44,0,0,0,0,0,0,0,0,0,0,0,0,0,0,0,0,0,0,0,0,0,0,0,0,0,0,0.155,0,0,4.899999992,247
0,0,0,0,0,0,0,0,0,0,0,0,0.455,0,0,0,0,0,0,0,0,0,0,0,0,0,0.227,0,0,0,0,0,0,0,0,0,0,0,0,0,0,0,0,0,0,0,0,0,0,0,0,0,0,0.318,0,0,4.899999992,242
0,0,0,0,0,0,0,0,0,0,0,0,0.3,0,0,0,0,0,0,0,0,0,0,0,0,0,0.43,0,0,0,0,0,0,0,0,0,0,0,0,0,0,0,0,0,0,0,0,0,0,0,0,0,0,0.27,0,0,4.899999992,236
0,0,0,0,0,0,0,0,0,0,0,0,0.455,0,0,0,0,0,0,0,0,0,0,0,0,0,0.364,0,0,0,0,0,0,0,0,0,0,0,0,0,0,0,0,0,0,0,0,0,0,0,0,0,0,0.181,0,0,4.899999992,235
0,0,0,0,0,0,0,0,0,0,0,0,0.409,0,0,0,0,0,0,0,0,0,0,0,0,0,0.318,0,0,0,0,0,0,0,0,0,0,0,0,0,0,0,0,0,0,0,0,0,0,0,0,0,0,0.273,0,0,4.899999992,232
0,0,0,0,0,0,0,0,0,0,0,0,0.3,0,0,0,0,0,0,0,0,0,0,0,0,0,0.5,0,0,0,0,0,0,0,0,0,0,0,0,0,0,0,0,0,0,0,0,0,0,0,0,0,0,0.2,0,0,4.899999992,230
0,0,0,0,0,0,0,0,0,0,0,0,0.364,0,0,0,0,0,0,0,0,0,0,0,0,0,0.318,0,0,0,0,0,0,0,0,0,0,0,0,0,0,0,0,0,0,0,0,0,0,0,0,0,0,0.318,0,0,4.899999992,227
0,0,0,0,0,0,0,0,0,0,0,0,0.409,0,0,0,0,0,0,0,0,0,0,0,0,0,0.364,0,0,0,0,0,0,0,0,0,0,0,0,0,0,0,0,0,0,0,0,0,0,0,0,0,0,0.227,0,0,4.899999992,225
0,0,0,0,0,0,0,0,0,0,0,0,0.364,0,0,0,0,0,0,0,0,0,0,0,0,0,0.455,0,0,0,0,0,0,0,0,0,0,0,0,0,0,0,0,0,0,0,0,0,0,0,0,0,0,0.181,0,0,4.899999992,225
0,0,0,0,0,0,0,0,0,0,0,0,0.25,0,0,0,0,0,0,0,0,0,0,0,0,0,0.65,0,0,0,0,0,0,0,0,0,0,0,0,0,0,0,0,0,0,0,0,0,0,0,0,0,0.1,0,0,0,4.899999992,220
0,0,0,0,0,0,0,0,0,0,0,0,0.333,0,0,0,0,0,0,0,0,0,0,0,0,0,0.334,0,0,0,0,0,0,0,0,0,0,0,0,0,0,0,0,0,0,0,0,0,0,0,0,0,0,0.333,0,0,4.899999992,219
0,0,0,0,0,0,0,0,0,0,0,0,0.364,0,0,0,0,0,0,0,0,0,0,0,0,0,0.272,0,0,0,0,0,0,0,0,0,0,0,0,0,0,0,0,0,0,0,0,0,0,0,0,0,0,0.364,0,0,4.899999992,217
0,0,0,0,0,0,0,0,0,0,0,0,0.36,0,0,0,0,0,0,0,0,0,0,0,0,0,0.55,0,0,0,0,0,0,0,0,0,0,0,0,0,0,0,0,0,0,0,0,0,0,0,0,0,0,0.09,0,0,4.899999992,217
0,0,0,0,0,0,0,0,0,0,0,0,0.3,0,0,0,0,0,0,0,0,0,0,0,0,0,0.3,0,0,0,0,0,0,0,0,0,0,0,0,0,0,0,0,0,0,0,0,0,0,0,0,0,0,0.4,0,0,4.899999992,217
0,0,0,0,0,0,0,0,0,0,0,0,0.273,0,0,0,0,0,0,0,0,0,0,0,0,0,0.545,0,0,0,0,0,0,0,0,0,0,0,0,0,0,0,0,0,0,0,0,0,0,0,0,0,0,0.182,0,0,4.899999992,195
0,0,0,0,0,0,0,0,0,0,0,0,0.25,0,0,0,0,0,0,0,0,0,0,0,0,0,0.25,0,0,0,0,0,0,0,0,0,0,0,0,0,0,0,0,0,0,0,0,0,0,0,0,0,0,0.5,0,0,4.899999992,179
0,0,0,0,0,0,0,0,0,0,0,0,0.2,0,0,0,0,0,0,0,0,0,0,0,0,0,0.3,0,0,0,0,0,0,0,0,0,0,0,0,0,0,0,0,0,0,0,0,0,0,0,0,0,0,0.5,0,0,4.899999992,175
0,0,0,0,0,0,0,0,0,0,0,0,0.25,0,0,0,0,0,0,0,0,0,0,0,0,0,0.2,0,0,0,0,0,0,0,0,0,0,0,0,0,0,0,0,0,0,0,0,0,0,0,0,0,0,0.55,0,0,4.899999992,170
0,0,0,0,0,0,0,0,0,0,0,0,0.25,0,0,0,0,0,0,0,0,0,0,0,0,0,0.15,0,0,0,0,0,0,0,0,0,0,0,0,0,0,0,0,0,0,0,0,0,0,0,0,0,0,0.6,0,0,4.899999992,168
0,0,0,0,0,0,0,0,0,0,0,0,0.2,0,0,0,0,0,0,0,0,0,0,0,0,0,0.25,0,0,0,0,0,0,0,0,0,0,0,0,0,0,0,0,0,0,0,0,0,0,0,0,0,0,0.55,0,0,4.899999992,165
0,0,0,0,0,0,0,0,0,0,0,0,0.15,0,0,0,0,0,0,0,0,0,0,0,0,0,0.3,0,0,0,0,0,0,0,0,0,0,0,0,0,0,0,0,0,0,0,0,0,0,0,0,0,0,0.55,0,0,4.899999992,163
0,0,0,0,0,0,0,0,0,0,0,0,0.2,0,0,0,0,0,0,0,0,0,0,0,0,0,0.2,0,0,0,0,0,0,0,0,0,0,0,0,0,0,0,0,0,0,0,0,0,0,0,0,0,0,0.6,0,0,4.899999992,163
0,0,0,0,0,0,0,0,0,0,0,0,0.27,0,0,0,0,0,0,0,0,0,0,0,0,0,0.13,0,0,0,0,0,0,0,0,0,0,0,0,0,0,0,0,0,0,0,0,0,0,0,0,0,0,0.6,0,0,4.899999992,161
0,0,0,0,0,0,0,0,0,0,0,0,0.175,0,0,0,0,0,0,0,0,0,0,0,0,0,0.175,0,0,0,0,0,0,0,0,0,0,0,0,0,0,0,0,0,0,0,0,0,0,0,0,0,0,0.65,0,0,4.899999992,159
0,0.1,0,0,0,0,0,0,0,0,0,0,0.3,0,0,0,0,0,0,0,0,0,0,0,0,0,0,0,0,0,0,0.05,0,0,0,0,0,0,0,0,0,0,0,0,0,0,0,0,0,0,0,0,0,0,0,0.55,2.942000001,540.812
0,0,0,0.15,0,0,0,0,0,0,0.2174,0,0,0,0,0,0,0,0,0,0,0,0,0,0,0,0,0,0,0,0,0.3156,0,0,0,0,0,0,0,0,0,0,0,0,0,0.08,0,0,0,0,0,0.237,0,0,0,0,2.939999992,1271
0,0,0,0.06,0,0,0,0.15,0,0,0,0.2,0,0,0,0.41,0,0,0,0,0,0,0,0,0,0,0,0,0.1,0,0,0,0,0,0,0,0,0,0,0,0,0,0,0,0,0,0,0,0,0,0,0.06,0.02,0,0,0,2.939999992,1267
0,0,0,0.15,0,0,0,0,0,0,0.2092,0,0,0,0,0,0,0,0,0,0,0,0,0,0,0,0,0,0,0,0,0.3038,0,0,0,0,0,0,0,0,0,0,0,0,0,0.1,0,0,0,0,0,0.237,0,0,0,0,2.939999992,1262
0,0,0,0.06,0,0,0,0.15,0,0,0,0.2,0,0,0,0.43,0,0,0,0,0,0,0,0,0,0,0,0,0.1,0,0,0,0,0,0,0,0,0,0,0,0,0,0,0,0,0,0,0,0,0,0,0.04,0.02,0,0,0,2.939999992,1238
0,0,0,0.15,0,0,0,0,0,0,0.2255,0,0,0,0,0,0,0,0,0,0,0,0,0,0,0,0,0,0,0,0,0.3275,0,0,0,0,0,0,0,0,0,0,0,0,0,0.06,0,0,0,0,0,0.237,0,0,0,0,2.939999992,1237
0,0,0,0.15,0,0,0,0,0,0,0.2337,0,0,0,0,0,0,0,0,0,0,0,0,0,0,0,0,0,0,0,0,0.3393,0,0,0,0,0,0,0,0,0,0,0,0,0,0.04,0,0,0,0,0,0.237,0,0,0,0,2.939999992,1234
0,0,0,0.06,0,0,0,0.15,0,0,0,0.2,0,0,0,0.45,0,0,0,0,0,0,0,0,0,0,0,0,0.1,0,0,0,0,0,0,0,0,0,0,0,0,0,0,0,0,0,0,0,0,0,0,0.02,0.02,0,0,0,2.939999992,1205
0,0,0,0.15,0,0,0,0,0,0,0.2418,0,0,0,0,0,0,0,0,0,0,0,0,0,0,0,0,0,0,0,0,0.3512,0,0,0,0,0,0,0,0,0,0,0,0,0,0.02,0,0,0,0,0,0.237,0,0,0,0,2.939999992,1191
0,0,0,0.06,0,0,0,0.15,0,0,0,0.2,0,0,0,0.47,0,0,0,0,0,0,0,0,0,0,0,0,0.1,0,0,0,0,0,0,0,0,0,0,0,0,0,0,0,0,0,0,0,0,0,0,0,0.02,0,0,0,2.939999992,1176
0,0,0,0.1392,0,0,0,0,0,0,0.2,0,0,0,0,0,0,0,0,0,0,0,0,0,0,0,0,0,0,0,0,0.408,0,0,0,0,0,0,0,0,0,0,0,0,0,0,0,0,0,0,0,0.2528,0,0,0,0,2.939999992,1167
0,0,0,0.15,0,0,0,0,0,0,0.25,0,0,0,0,0,0,0,0,0,0,0,0,0,0,0,0,0,0,0,0,0.363,0,0,0,0,0,0,0,0,0,0,0,0,0,0,0,0,0,0,0,0.237,0,0,0,0,2.939999992,1151
0,0,0,0.1305,0,0,0,0,0,0,0.25,0,0,0,0,0,0,0,0,0,0,0,0,0,0,0,0,0,0,0,0,0.3825,0,0,0,0,0,0,0,0,0,0,0,0,0,0,0,0,0,0,0,0.237,0,0,0,0,2.939999992,1130
0,0,0,0.22,0,0,0,0,0,0,0,0,0,0,0,0.66,0,0,0,0,0,0,0,0,0,0,0,0,0,0,0,0,0,0,0,0,0,0,0,0,0,0,0,0,0,0,0,0,0,0,0,0.06,0.06,0,0,0,2.939999992,1075.5016
0,0,0,0.22,0,0,0,0,0,0,0,0,0,0,0,0.67,0,0,0,0,0,0,0,0,0,0,0,0,0,0,0,0,0,0,0,0,0,0,0,0,0,0,0,0,0,0,0,0,0,0,0,0.05,0.06,0,0,0,2.939999992,1070.3996
0,0,0,0.22,0,0,0,0,0,0,0,0,0,0,0,0.68,0,0,0,0,0,0,0,0,0,0,0,0,0,0,0,0,0,0,0,0,0,0,0,0,0,0,0,0,0,0,0,0,0,0,0,0.04,0.06,0,0,0,2.939999992,1044.8896
0,0,0,0.22,0,0,0,0,0,0,0,0,0,0,0,0.69,0,0,0,0,0,0,0,0,0,0,0,0,0,0,0,0,0,0,0,0,0,0,0,0,0,0,0,0,0,0,0,0,0,0,0,0.03,0.06,0,0,0,2.939999992,1033.6652
0,0,0,0.1218,0,0,0,0,0,0,0.3,0,0,0,0,0,0,0,0,0,0,0,0,0,0,0,0,0,0,0,0,0.357,0,0,0,0,0,0,0,0,0,0,0,0,0,0,0,0,0,0,0,0.2212,0,0,0,0,2.939999992,1019
0,0,0,0.22,0,0,0,0,0,0,0,0,0,0,0,0.7,0,0,0,0,0,0,0,0,0,0,0,0,0,0,0,0,0,0,0,0,0,0,0,0,0,0,0,0,0,0,0,0,0,0,0,0.02,0.06,0,0,0,2.939999992,999.992
0,0,0,0.095,0,0,0,0.038,0,0,0,0,0,0,0,0.76,0,0,0,0,0,0,0,0,0,0,0,0,0,0,0,0,0.05,0,0,0,0,0,0,0,0,0.057,0,0,0,0,0,0,0,0,0,0,0,0,0,0,2.939999992,999.992
0,0,0,0.22,0,0,0,0,0,0,0,0,0,0,0,0.72,0,0,0,0,0,0,0,0,0,0,0,0,0,0,0,0,0,0,0,0,0,0,0,0,0,0,0,0,0,0,0,0,0,0,0,0,0.06,0,0,0,2.939999992,985.7064
0,0,0,0.22,0,0,0,0,0,0,0,0,0,0,0,0.71,0,0,0,0,0,0,0,0,0,0,0,0,0,0,0,0,0,0,0,0,0,0,0,0,0,0,0,0,0,0,0,0,0,0,0,0.01,0.06,0,0,0,2.939999992,978.5636
0,0.16,0.05,0,0,0,0,0,0,0,0.26,0,0,0,0,0,0,0,0,0,0,0,0,0,0,0,0,0,0,0,0,0,0,0,0,0,0,0,0,0,0,0,0,0,0,0,0,0,0,0,0,0,0,0,0,0.53,2.939999992,570
0,0.16,0,0,0,0,0,0,0,0,0.26,0,0,0,0,0,0,0,0,0,0,0,0,0,0,0,0,0,0,0,0,0,0,0,0.05,0,0,0,0,0,0,0,0,0,0,0,0,0,0,0,0,0,0,0,0,0.53,2.939999992,570
0,0.16,0,0,0,0,0,0,0,0,0.26,0,0,0,0,0,0,0,0,0,0,0,0,0,0,0,0,0,0,0,0,0,0,0,0,0,0.05,0,0,0,0,0,0,0,0,0,0,0,0,0,0,0,0,0,0,0.53,2.939999992,565
0,0.16,0,0,0,0,0,0,0,0,0.31,0,0,0,0,0,0,0,0,0,0,0,0,0,0,0,0,0,0,0,0,0,0,0,0,0,0,0,0,0,0,0,0,0,0,0,0,0,0,0,0,0,0,0,0,0.53,2.939999992,550
0.05,0.1,0,0,0,0,0,0,0,0,0,0,0.1,0,0,0.125,0,0,0,0,0,0,0,0,0,0,0,0,0,0,0,0,0,0,0,0,0,0,0,0,0,0,0,0,0,0,0,0.025,0,0,0,0,0,0,0,0.6,2.939999992,460
0,0.1,0,0,0,0,0,0,0,0,0,0,0.27,0,0,0.02,0,0,0,0,0,0,0,0,0,0,0,0,0,0,0,0,0,0,0,0,0,0,0,0,0,0,0,0,0,0,0,0,0,0,0,0,0,0,0,0.61,2.939999992,455
0.05,0.1,0,0,0,0,0,0,0,0,0,0,0.1,0,0,0.1,0,0,0,0,0,0,0,0,0,0,0,0,0,0,0,0,0,0,0,0,0,0,0,0,0,0,0,0,0,0,0,0.025,0,0,0,0,0,0,0,0.625,2.939999992,451
0.05,0.1,0,0,0,0,0,0,0,0,0,0,0.1,0,0,0.075,0,0,0,0,0,0,0,0,0,0,0,0,0,0,0,0,0,0,0,0,0,0,0,0,0,0,0,0,0,0,0,0.025,0,0,0,0,0,0,0,0.65,2.939999992,443
0,0,0,0.06,0,0,0,0.15,0,0,0.48,0.15,0,0,0.02,0,0,0,0,0,0,0,0,0,0,0,0,0,0.14,0,0,0,0,0,0,0,0,0,0,0,0,0,0,0,0,0,0,0,0,0,0,0,0,0,0,0,2.939999992,161.2232
0,0,0,0.06,0,0,0,0.15,0,0,0.5,0.15,0,0,0,0,0,0,0,0,0,0,0,0,0,0,0,0,0.14,0,0,0,0,0,0,0,0,0,0,0,0,0,0,0,0,0,0,0,0,0,0,0,0,0,0,0,2.939999992,159.1824
0,0,0,0.35,0,0,0,0,0,0,0.55,0,0,0,0,0,0,0,0,0,0,0,0,0,0,0,0,0,0,0,0,0,0,0,0,0,0,0,0,0,0,0,0,0,0,0.1,0,0,0,0,0,0,0,0,0,0,1.960000002,1683.66
0,0,0,0.37,0,0,0,0,0,0,0.53,0,0,0,0,0,0,0,0,0,0,0,0,0,0,0,0,0,0,0,0,0,0,0,0,0,0,0,0,0,0,0,0,0,0,0.1,0,0,0,0,0,0,0,0,0,0,1.960000002,1653
0,0,0,0.33,0,0,0,0,0,0,0.55,0,0,0,0,0,0,0,0,0,0,0,0,0,0,0,0,0,0,0,0,0,0,0,0,0,0,0,0,0,0,0.02,0,0,0,0.1,0,0,0,0,0,0,0,0,0,0,1.960000002,1622.436
0,0,0,0.25,0,0,0,0,0,0,0.63,0,0,0,0,0,0,0,0,0,0,0,0,0,0,0,0,0,0,0,0,0,0,0,0,0,0,0,0,0,0,0.02,0,0,0,0.1,0,0,0,0,0,0,0,0,0,0,1.960000002,1561.212
0,0,0,0.3,0,0,0,0,0,0,0.55,0,0,0,0,0,0,0,0,0,0,0,0,0,0,0,0,0,0,0,0,0,0,0,0,0,0,0,0,0,0,0.05,0,0,0,0.1,0,0,0,0,0,0,0,0,0,0,1.960000002,1540.804
0,0,0,0.33,0,0,0,0,0,0,0.57,0,0,0,0,0,0,0,0,0,0,0,0,0,0,0,0,0,0,0,0,0,0,0,0,0,0,0,0,0,0,0,0,0,0,0.1,0,0,0,0,0,0,0,0,0,0,1.960000002,1500
0,0,0,0.33,0,0,0,0,0,0,0.59,0,0,0,0,0,0,0,0,0,0,0,0,0,0,0,0,0,0,0,0,0,0,0,0,0,0,0,0,0,0,0,0,0,0,0.08,0,0,0,0,0,0,0,0,0,0,1.960000002,1480
0,0,0,0.269,0,0,0,0,0,0,0.622,0,0,0,0,0,0,0,0,0,0,0,0,0,0,0,0,0,0,0,0,0,0,0,0,0,0,0,0,0,0,0.069,0,0,0,0.04,0,0,0,0,0,0,0,0,0,0,1.960000002,1461
0,0,0,0.226,0,0,0,0,0,0,0.678,0,0,0,0,0,0,0,0,0,0,0,0,0,0,0,0,0,0,0,0,0,0,0,0,0,0,0,0,0,0,0.056,0,0,0,0.04,0,0,0,0,0,0,0,0,0,0,1.960000002,1460
0,0,0,0.33,0,0,0,0,0,0,0.61,0,0,0,0,0,0,0,0,0,0,0,0,0,0,0,0,0,0,0,0,0,0,0,0,0,0,0,0,0,0,0,0,0,0,0.06,0,0,0,0,0,0,0,0,0,0,1.960000002,1459
0,0,0,0.272,0,0,0,0,0,0,0.636,0,0,0,0,0,0,0,0,0,0,0,0,0,0,0,0,0,0,0,0,0,0,0,0,0,0,0,0,0,0,0.052,0,0,0,0.04,0,0,0,0,0,0,0,0,0,0,1.960000002,1450
0,0,0,0.247,0,0,0,0,0,0,0.659,0,0,0,0,0,0,0,0,0,0,0,0,0,0,0,0,0,0,0,0,0,0,0,0,0,0,0,0,0,0,0.054,0,0,0,0.04,0,0,0,0,0,0,0,0,0,0,1.960000002,1440
0,0,0,0.24,0,0,0,0,0,0,0.648,0,0,0,0,0,0,0,0,0,0,0,0,0,0,0,0,0,0,0,0,0,0,0,0,0,0,0,0,0,0,0.072,0,0,0,0.04,0,0,0,0,0,0,0,0,0,0,1.960000002,1438
0,0,0,0.22,0,0,0,0,0,0,0,0.05,0,0,0,0.65,0,0,0,0,0,0,0,0,0,0,0,0,0,0.08,0,0,0,0,0,0,0,0,0,0,0,0,0,0,0,0,0,0,0,0,0,0,0,0,0,0,1.960000002,1425
0,0,0,0.3,0,0,0,0,0,0,0.4,0,0,0,0,0.22,0,0,0,0,0,0,0,0,0,0,0,0,0,0,0,0,0,0,0,0,0,0,0,0,0,0,0,0,0,0.08,0,0,0,0,0,0,0,0,0,0,1.960000002,1375
0,0,0,0.15,0,0,0,0,0,0,0.06,0,0,0,0,0.58,0,0,0,0,0,0,0,0,0,0,0,0,0.05,0,0,0.04,0,0,0,0,0,0,0,0,0,0,0,0,0,0,0,0,0,0,0,0.02,0,0,0,0.1,1.960000002,1309.1732
0,0,0,0.192,0,0,0,0,0,0,0.288,0,0,0,0,0.432,0,0,0,0,0,0,0,0,0,0,0,0,0,0.04,0,0,0,0,0,0,0,0,0,0,0,0.048,0,0,0,0,0,0,0,0,0,0,0,0,0,0,1.960000002,1290
0,0,0,0.1901,0,0,0,0,0,0,0.2851,0.01,0,0,0,0.4277,0,0,0,0,0,0,0,0,0,0,0,0,0,0.0396,0,0,0,0,0,0,0,0,0,0,0,0.0475,0,0,0,0,0,0,0,0,0,0,0,0,0,0,1.960000002,1278
0,0,0,0.1882,0,0,0,0,0,0,0.2822,0.02,0,0,0,0.4234,0,0,0,0,0,0,0,0,0,0,0,0,0,0.0392,0,0,0,0,0,0,0,0,0,0,0,0.047,0,0,0,0,0,0,0,0,0,0,0,0,0,0,1.960000002,1261
0,0,0,0.192,0,0,0,0,0,0,0.288,0,0,0,0,0.432,0,0,0,0,0,0,0,0,0,0,0,0,0,0.04,0,0,0,0,0,0,0,0,0,0,0,0.048,0,0,0,0,0,0,0,0,0,0,0,0,0,0,1.960000002,1250
0,0,0,0.192,0,0,0,0,0,0,0.216,0,0,0,0,0.504,0,0,0,0,0,0,0,0,0,0,0,0,0,0.04,0,0,0,0,0,0,0,0,0,0,0,0.048,0,0,0,0,0,0,0,0,0,0,0,0,0,0,1.960000002,1245
0,0,0,0.1862,0,0,0,0,0,0,0.2794,0.03,0,0,0,0.419,0,0,0,0,0,0,0,0,0,0,0,0,0,0.0388,0,0,0,0,0,0,0,0,0,0,0,0.0466,0,0,0,0,0,0,0,0,0,0,0,0,0,0,1.960000002,1238
0,0,0,0.192,0,0,0,0,0,0,0.144,0,0,0,0,0.576,0,0,0,0,0,0,0,0,0,0,0,0,0,0.04,0,0,0,0,0,0,0,0,0,0,0,0.048,0,0,0,0,0,0,0,0,0,0,0,0,0,0,1.960000002,1225
0,0,0,0.192,0,0,0,0,0,0,0.36,0,0,0,0,0.36,0,0,0,0,0,0,0,0,0,0,0,0,0,0.04,0,0,0,0,0,0,0,0,0,0,0,0.048,0,0,0,0,0,0,0,0,0,0,0,0,0,0,1.960000002,1220
0,0,0,0.2,0,0,0,0,0,0,0.1,0,0,0,0,0.61,0,0,0,0.01,0,0,0,0,0,0,0,0,0,0,0,0,0,0,0,0,0,0,0,0,0,0,0,0,0,0,0,0,0,0,0,0.02,0.02,0,0,0.04,1.960000002,1197.9496
0,0,0,0.2,0,0,0,0,0,0,0.1,0,0,0,0,0.61,0,0,0,0,0,0,0,0,0,0,0,0,0,0,0,0,0,0,0,0,0,0,0,0,0,0,0,0,0,0,0,0,0,0,0,0.02,0.02,0,0,0.05,1.960000002,1197.9496
0,0,0,0.24,0,0,0,0,0,0,0,0.06,0,0,0,0.64,0,0,0,0,0,0,0,0,0,0,0,0,0,0.06,0,0,0,0,0,0,0,0,0,0,0,0,0,0,0,0,0,0,0,0,0,0,0,0,0,0,1.960000002,1188
0,0,0,0.22,0,0,0,0,0,0,0,0.06,0,0,0,0.66,0,0,0,0,0,0,0,0,0,0,0,0,0,0.06,0,0,0,0,0,0,0,0,0,0,0,0,0,0,0,0,0,0,0,0,0,0,0,0,0,0,1.960000002,1180
0,0,0,0.22,0,0,0,0,0,0,0,0.08,0,0,0,0.64,0,0,0,0,0,0,0,0,0,0,0,0,0,0.06,0,0,0,0,0,0,0,0,0,0,0,0,0,0,0,0,0,0,0,0,0,0,0,0,0,0,1.960000002,1172
0,0,0,0.22,0,0,0,0,0,0,0,0.09,0,0,0,0.63,0,0,0,0,0,0,0,0,0,0,0,0,0,0.06,0,0,0,0,0,0,0,0,0,0,0,0,0,0,0,0,0,0,0,0,0,0,0,0,0,0,1.960000002,1171
0,0,0,0.2,0,0,0,0,0,0,0.1,0,0,0,0,0.61,0,0,0,0.02,0,0,0,0,0,0,0,0,0,0,0,0,0,0,0,0,0,0,0,0,0,0,0,0,0,0,0,0,0,0,0,0.02,0.02,0,0,0.03,1.960000002,1163.256
0,0,0,0.2256,0,0,0,0,0,0,0,0,0,0.06,0,0.6768,0,0,0,0,0,0,0,0,0,0,0,0,0.0376,0,0,0,0,0,0,0,0,0,0,0,0,0,0,0,0,0,0,0,0,0,0,0,0,0,0,0,1.960000002,1153.052
0,0,0,0.228,0,0,0,0,0,0,0,0,0,0.05,0,0.684,0,0,0,0,0,0,0,0,0,0,0,0,0.038,0,0,0,0,0,0,0,0,0,0,0,0,0,0,0,0,0,0,0,0,0,0,0,0,0,0,0,1.960000002,1151.0112
0,0,0,0.192,0,0,0,0,0,0,0.072,0,0,0,0,0.648,0,0,0,0,0,0,0,0,0,0,0,0,0,0.04,0,0,0,0,0,0,0,0,0,0,0,0.048,0,0,0,0,0,0,0,0,0,0,0,0,0,0,1.960000002,1150
0,0,0,0.2232,0,0,0,0,0,0,0,0,0,0,0,0.6696,0,0,0,0,0,0,0,0,0,0,0,0,0.0372,0,0,0,0,0,0,0,0,0,0,0,0,0,0,0,0,0,0.07,0,0,0,0,0,0,0,0,0,1.960000002,1149.78
0,0,0,0.2232,0,0,0,0,0,0,0,0,0,0.07,0,0.6696,0,0,0,0,0,0,0,0,0,0,0,0,0.0372,0,0,0,0,0,0,0,0,0,0,0,0,0,0,0,0,0,0,0,0,0,0,0,0,0,0,0,1.960000002,1147.95
0,0,0,0.2256,0,0,0,0,0,0,0,0,0,0,0,0.6768,0,0,0,0,0,0,0,0,0,0,0,0,0.0376,0,0,0,0,0,0,0,0,0,0,0,0,0,0,0,0,0,0.06,0,0,0,0,0,0,0,0,0,1.960000002,1125.9
0,0,0,0.228,0,0,0,0,0,0,0,0,0,0,0,0.684,0,0,0,0,0,0,0,0,0,0,0,0,0.038,0,0,0,0,0,0,0,0,0,0,0,0,0,0,0,0,0,0.05,0,0,0,0,0,0,0,0,0,1.960000002,1118.46
0,0,0,0.2304,0,0,0,0,0,0,0,0,0,0,0,0.6912,0,0,0,0,0,0,0,0,0,0,0,0,0.0384,0,0,0,0,0,0,0,0,0,0,0,0,0,0,0,0,0,0.04,0,0,0,0,0,0,0,0,0,1.960000002,1118.43
0,0,0,0.24,0,0,0,0,0,0,0,0.1,0,0,0,0.61,0,0,0,0,0,0,0,0,0,0,0,0,0,0.05,0,0,0,0,0,0,0,0,0,0,0,0,0,0,0,0,0,0,0,0,0,0,0,0,0,0,1.960000002,1106
0,0,0,0.24,0,0,0,0,0,0,0,0.05,0,0,0,0.63,0,0,0,0,0,0,0,0,0,0,0,0,0,0.08,0,0,0,0,0,0,0,0,0,0,0,0,0,0,0,0,0,0,0,0,0,0,0,0,0,0,1.960000002,1099
0,0,0,0.26,0,0,0,0,0,0,0,0.04,0,0,0,0.63,0,0,0,0,0,0,0,0,0,0,0,0,0,0.07,0,0,0,0,0,0,0,0,0,0,0,0,0,0,0,0,0,0,0,0,0,0,0,0,0,0,1.960000002,1097
0,0,0,0.22,0,0,0,0,0,0,0,0.1,0,0,0,0.63,0,0,0,0,0,0,0,0,0,0,0,0,0,0.05,0,0,0,0,0,0,0,0,0,0,0,0,0,0,0,0,0,0,0,0,0,0,0,0,0,0,1.960000002,1089
0,0,0,0.22,0,0,0,0,0,0,0,0.04,0,0,0,0.67,0,0,0,0,0,0,0,0,0,0,0,0,0,0.07,0,0,0,0,0,0,0,0,0,0,0,0,0,0,0,0,0,0,0,0,0,0,0,0,0,0,1.960000002,1088
0,0,0,0.22,0,0,0,0,0,0,0,0.11,0,0,0,0.61,0,0,0,0,0,0,0,0,0,0,0,0,0,0.06,0,0,0,0,0,0,0,0,0,0,0,0,0,0,0,0,0,0,0,0,0,0,0,0,0,0,1.960000002,1078
0,0,0,0.22,0,0,0,0,0,0,0,0.08,0,0,0,0.62,0,0,0,0,0,0,0,0,0,0,0,0,0,0.08,0,0,0,0,0,0,0,0,0,0,0,0,0,0,0,0,0,0,0,0,0,0,0,0,0,0,1.960000002,1075
0,0,0,0.1843,0,0,0,0,0,0,0.2765,0.04,0,0,0,0.4147,0,0,0,0,0,0,0,0,0,0,0,0,0,0.0384,0,0,0,0,0,0,0,0,0,0,0,0.0461,0,0,0,0,0,0,0,0,0,0,0,0,0,0,1.960000002,1038
0,0,0,0,0,0.2205,0,0,0,0,0,0,0.1225,0,0,0,0,0,0,0,0,0,0,0,0,0,0,0,0,0,0,0.098,0,0,0,0,0,0,0,0,0,0,0,0,0,0,0,0.1372,0,0,0,0,0.02,0,0,0.4018,1.960000002,689.7904
0,0,0,0,0,0,0,0.268,0,0,0,0,0.344,0,0,0,0,0,0,0,0,0,0,0,0,0,0,0,0,0,0,0.0439,0,0,0,0,0,0,0,0,0,0.0073,0,0.0146,0,0,0,0.2416,0,0,0,0,0,0,0,0.0805,1.960000002,681
0,0.15,0,0,0,0,0,0,0,0,0,0,0.19,0,0,0,0,0,0,0,0,0,0,0,0,0,0,0,0,0,0,0.1,0,0,0,0,0,0,0,0,0,0,0,0,0,0,0,0,0,0,0,0,0.02,0,0,0.54,1.960000002,662.2396
0,0.14,0,0,0,0,0,0,0,0,0,0,0.19,0,0,0,0,0,0,0,0,0,0,0,0,0,0,0,0,0,0,0.1,0,0,0,0,0,0,0,0,0,0,0,0,0,0,0,0,0,0,0,0,0.04,0,0,0.53,1.960000002,657.1376
0,0,0,0,0,0.22,0,0,0,0,0,0,0.13,0,0,0,0,0,0,0,0,0,0,0,0,0,0,0,0,0.1,0,0.1,0,0,0,0,0,0,0,0,0,0,0,0,0,0,0,0,0,0,0,0,0,0,0,0.45,1.960000002,644.8928
0,0,0,0,0,0.225,0,0.02,0,0,0,0,0.125,0,0,0,0,0,0,0,0,0,0,0,0,0,0,0,0,0,0,0.08,0,0,0,0,0,0,0,0,0,0,0,0,0,0,0,0.14,0,0,0,0,0,0,0,0.41,1.960000002,625.5052
0,0,0,0,0,0.18,0,0,0,0,0,0,0.14,0,0,0,0,0,0,0,0,0,0,0,0,0,0,0,0,0.08,0,0.12,0,0,0,0,0,0,0,0,0,0,0,0,0,0,0,0,0,0,0,0,0,0,0,0.48,1.960000002,621.4236
0,0,0,0,0,0.22,0,0,0,0,0,0,0.13,0,0,0.08,0,0,0,0,0,0,0,0,0,0,0,0,0,0.08,0,0.04,0,0,0,0,0,0,0,0,0,0,0,0,0,0,0,0,0,0,0,0,0,0,0,0.45,1.960000002,620.4032
0,0,0,0,0,0.28,0,0,0,0,0,0,0.1,0,0,0,0,0,0,0,0,0,0,0,0,0,0,0,0,0,0,0.11,0,0,0,0,0,0,0,0,0,0,0,0,0,0,0,0.15,0,0,0,0,0.02,0,0,0.34,1.960000002,619.3828
0,0.16,0,0,0,0,0,0,0,0,0.33,0,0,0,0,0,0,0,0,0,0,0,0,0,0,0,0,0,0,0,0,0,0,0,0,0,0,0,0,0,0,0,0,0,0,0,0,0,0,0,0,0,0,0,0,0.51,1.960000002,618
0,0,0,0,0,0.225,0,0,0,0,0,0,0.125,0,0,0,0,0,0,0,0,0,0,0,0,0,0,0,0,0,0,0.1,0,0,0,0,0,0,0,0,0,0,0,0,0,0,0,0.14,0,0,0,0,0,0,0,0.41,1.960000002,609.1788
0,0.16,0,0,0,0,0,0,0,0,0.32,0,0,0,0,0,0,0,0,0,0,0,0,0,0,0,0,0,0,0,0,0,0,0,0,0,0,0,0,0,0,0,0,0,0,0,0,0,0,0,0,0,0,0,0,0.52,1.960000002,607
0,0,0,0,0,0,0,0.152,0,0,0,0,0.3986,0,0,0,0,0,0,0,0,0,0,0,0,0,0,0,0,0,0,0.0509,0,0,0,0,0,0,0,0,0,0.0085,0,0.017,0,0,0,0.2798,0,0,0,0,0,0,0,0.0933,1.960000002,605
0,0.16,0,0,0,0,0,0,0,0,0.31,0,0,0,0,0,0,0,0,0,0,0,0,0,0,0,0,0,0,0,0,0,0,0,0,0,0,0,0,0,0,0,0,0,0,0,0,0,0,0,0,0,0,0,0,0.53,1.960000002,598
0,0,0,0,0,0.24,0,0,0,0,0,0,0.12,0,0,0.08,0,0,0,0,0,0,0,0,0,0,0,0,0,0.08,0,0,0,0,0,0,0,0,0,0,0,0,0,0,0,0,0,0,0,0,0,0,0,0,0,0.48,1.960000002,596.934
0,0,0,0,0,0,0,0,0,0,0,0,0.4,0,0,0.025,0,0,0,0,0,0,0,0,0,0,0,0,0,0,0,0,0,0,0,0,0,0,0,0,0.01,0.01,0,0.02,0,0,0,0.46,0,0,0,0,0,0,0,0.075,1.960000002,590
0,0.16,0,0,0,0,0,0,0,0,0.3,0,0,0,0,0,0,0,0,0,0,0,0,0,0,0,0,0,0,0,0,0,0,0,0,0,0,0,0,0,0,0,0,0,0,0,0,0,0,0,0,0,0,0,0,0.54,1.960000002,589
0,0,0,0,0,0.215,0,0,0,0,0,0,0.11,0,0,0,0,0,0,0,0,0,0,0,0,0,0.005,0,0,0,0,0.11,0,0,0,0,0,0,0,0,0,0,0,0,0,0,0,0.15,0,0,0,0,0.01,0,0,0.4,1.960000002,585.7096
0,0,0,0,0,0,0,0,0,0,0,0,0.4,0,0,0.025,0,0,0,0,0,0,0,0,0,0,0,0,0,0,0,0,0,0,0,0,0,0,0,0,0,0.01,0,0.02,0,0,0,0.47,0,0,0,0,0,0,0,0.075,1.960000002,585
0,0,0,0,0,0,0,0,0,0,0,0,0.4,0,0,0.025,0,0,0,0,0,0,0,0,0,0,0,0,0,0,0,0,0,0,0,0,0,0,0,0,0.02,0.01,0,0.02,0,0,0,0.45,0,0,0,0,0,0,0,0.075,1.960000002,584
0.0725,0.0651,0,0,0,0,0,0,0,0,0,0,0.3646,0,0,0.07,0,0,0,0,0,0,0,0,0,0,0,0,0,0,0,0,0,0,0,0,0,0,0,0,0,0,0,0,0,0,0,0,0,0,0,0,0,0,0,0.4278,1.960000002,583.6688
0,0,0,0,0,0,0,0,0,0,0,0,0.4,0,0,0.025,0,0,0,0,0,0,0,0,0,0,0,0,0,0,0,0,0,0,0,0,0,0,0,0,0.03,0.01,0,0.02,0,0,0,0.44,0,0,0,0,0,0,0,0.075,1.960000002,581
0,0.12,0,0,0,0,0,0,0,0,0,0,0.1452,0,0,0,0,0,0,0,0,0,0,0,0,0,0,0,0,0,0,0.1012,0,0,0,0,0,0,0,0,0,0,0,0,0,0,0,0,0,0,0,0,0,0,0,0.6336,1.960000002,579.5
0,0.16,0,0,0,0,0,0,0,0,0.29,0,0,0,0,0,0,0,0,0,0,0,0,0,0,0,0,0,0,0,0,0,0,0,0,0,0,0,0,0,0,0,0,0,0,0,0,0,0,0,0,0,0,0,0,0.55,1.960000002,579
0,0,0,0,0,0,0,0,0,0,0,0,0.4,0,0,0.025,0,0,0,0,0,0,0,0,0,0,0,0,0,0,0,0,0,0,0,0,0,0,0,0,0.04,0.01,0,0.02,0,0,0,0.43,0,0,0,0,0,0,0,0.075,1.960000002,577
0,0.16,0,0,0,0,0,0,0,0,0.28,0,0,0,0,0,0,0,0,0,0,0,0,0,0,0,0,0,0,0,0,0,0,0,0,0,0,0,0,0,0,0,0,0,0,0,0,0,0,0,0,0,0,0,0,0.56,1.960000002,571
0,0.16,0,0,0,0,0,0,0,0,0.27,0,0,0,0,0,0,0,0,0,0,0,0,0,0,0,0,0,0,0,0,0,0,0,0,0,0,0,0,0,0,0,0,0,0,0,0,0,0,0,0,0,0,0,0,0.57,1.960000002,560
0,0,0,0,0,0,0,0.036,0,0,0,0,0.4531,0,0,0,0,0,0,0,0,0,0,0,0,0,0,0,0,0,0,0.0578,0,0,0,0,0,0,0,0,0,0.0096,0,0.0193,0,0,0,0.3181,0,0,0,0,0,0,0,0.106,1.960000002,551
0,0.16,0,0,0,0,0,0,0,0,0.26,0,0,0,0,0,0,0,0,0,0,0,0,0,0,0,0,0,0,0,0,0,0,0,0,0,0,0,0,0,0,0,0,0,0,0,0,0,0,0,0,0,0,0,0,0.58,1.960000002,548
0,0,0,0,0,0.227,0,0,0,0,0,0,0.09,0,0,0,0,0,0,0,0,0,0,0,0,0,0,0,0,0,0,0.053,0,0,0,0,0,0,0,0,0,0,0,0,0,0,0,0.328,0,0,0,0,0,0,0,0.302,1.960000002,545.6
0,0,0,0,0,0,0,0,0,0,0,0,0.47,0,0,0,0,0,0,0,0,0,0,0,0,0,0,0,0,0,0,0.06,0,0,0,0,0,0,0,0,0,0.01,0,0.02,0,0,0,0.33,0,0,0,0,0,0,0,0.11,1.960000002,543
0.078,0.07,0,0,0,0,0,0,0,0,0,0,0.392,0,0,0,0,0,0,0,0,0,0,0,0,0,0,0,0,0,0,0,0,0,0,0,0,0,0,0,0,0,0,0,0,0,0,0,0,0,0,0,0,0,0,0.46,1.960000002,498.9756
0,0.1,0,0,0,0,0,0,0,0,0,0,0.16,0,0,0,0,0,0,0,0,0,0,0,0,0,0,0,0,0.03,0,0.13,0,0,0,0,0,0,0,0,0,0,0,0,0,0,0,0,0,0,0,0,0,0,0,0.58,1.960000002,473.52
0,0.1,0,0,0,0,0,0,0,0,0,0,0.1575,0,0,0,0,0,0,0,0,0,0,0,0,0,0,0,0,0,0,0.1012,0,0,0,0,0,0,0,0,0,0,0,0,0,0,0,0,0,0,0,0,0,0,0,0.6413,1.960000002,459.18
0,0.3,0,0,0,0,0,0.1,0,0,0,0,0,0,0,0,0,0,0,0,0,0,0,0.6,0,0,0,0,0,0,0,0,0,0,0,0,0,0,0,0,0,0,0,0,0,0,0,0,0,0,0,0,0,0,0,0,1.960000002,253.16124
0,0.24,0,0,0,0,0,0.1,0,0,0,0,0,0,0,0,0.06,0,0,0,0,0,0,0.6,0,0,0,0,0,0,0,0,0,0,0,0,0,0,0,0,0,0,0,0,0,0,0,0,0,0,0,0,0,0,0,0,1.960000002,247.14088
0,0.26,0,0,0,0,0,0.1,0,0,0,0,0,0,0,0,0.04,0,0,0,0,0,0,0.6,0,0,0,0,0,0,0,0,0,0,0,0,0,0,0,0,0,0,0,0,0,0,0,0,0,0,0,0,0,0,0,0,1.960000002,247.14088
0,0.28,0,0,0,0,0,0.1,0,0,0,0,0,0,0,0,0.02,0,0,0,0,0,0,0.6,0,0,0,0,0,0,0,0,0,0,0,0,0,0,0,0,0,0,0,0,0,0,0,0,0,0,0,0,0,0,0,0,1.960000002,245.10008
0,0.22,0,0,0,0,0,0.1,0,0,0,0,0,0,0,0,0.08,0,0,0,0,0,0,0.6,0,0,0,0,0,0,0,0,0,0,0,0,0,0,0,0,0,0,0,0,0,0,0,0,0,0,0,0,0,0,0,0,1.960000002,243.16132
0,0,0,0,0,0,0,0,0.04,0,0,0,0,0,0,0,0,0,0,0,0,0,0,0,0,0,0.66,0,0,0,0,0,0,0,0,0,0,0,0,0,0,0,0,0,0,0,0,0,0,0,0,0,0,0,0.3,0,1.960000002,240.8144
0.03,0,0,0,0,0,0,0,0.04,0,0,0,0,0,0,0,0,0,0,0,0,0,0,0,0,0,0.66,0,0,0,0,0,0,0,0,0,0,0,0,0,0,0,0,0,0,0,0,0,0,0,0,0,0,0,0.27,0,1.960000002,239.794
0.01,0,0,0,0,0,0,0,0.04,0,0,0,0,0,0,0,0,0,0,0,0,0,0,0,0,0,0.66,0,0,0,0,0,0,0,0,0,0,0,0,0,0,0,0,0,0,0,0,0,0,0,0,0,0,0,0.29,0,1.960000002,239.794
0,0,0,0.35,0,0,0,0,0,0,0.25,0,0,0,0,0,0,0,0,0,0,0,0,0,0,0,0,0,0,0,0,0,0,0,0,0,0,0.4,0,0,0,0,0,0,0,0,0,0,0,0,0,0,0,0,0,0,0.979999992,1948.964
0,0,0,0.35,0,0,0,0,0,0,0.3,0,0,0,0,0,0,0,0,0,0,0,0,0,0,0,0,0,0,0,0,0,0,0,0,0,0,0.35,0,0,0,0,0,0,0,0,0,0,0,0,0,0,0,0,0,0,0.979999992,1869.3728
0,0,0,0.35,0,0,0,0,0,0,0.35,0,0,0,0,0,0,0,0,0,0,0,0,0,0,0,0,0,0,0,0,0,0,0,0,0,0,0.3,0,0,0,0,0,0,0,0,0,0,0,0,0,0,0,0,0,0,0.979999992,1794.8836
0,0,0,0.35,0,0,0,0,0,0,0.4,0,0,0,0,0,0,0,0,0,0,0,0,0,0,0,0,0,0,0,0,0,0,0,0,0,0,0.25,0,0,0,0,0,0,0,0,0,0,0,0,0,0,0,0,0,0,0.979999992,1718.3536
0,0,0,0.35,0,0,0,0,0,0,0.45,0,0,0,0,0,0,0,0,0,0,0,0,0,0,0,0,0,0,0,0,0,0,0,0,0,0,0.2,0,0,0,0,0,0,0,0,0,0,0,0,0,0,0,0,0,0,0.979999992,1640.8032
0,0,0,0.35,0,0,0,0,0,0,0.5,0,0,0,0,0,0,0,0,0,0,0,0,0,0,0,0,0,0,0,0,0,0,0,0,0,0,0.15,0,0,0,0,0,0,0,0,0,0,0,0,0,0,0,0,0,0,0.979999992,1581.62
0,0,0,0.5,0,0,0,0,0,0,0.4,0,0,0,0,0,0,0,0,0,0,0,0,0,0,0,0,0,0,0,0,0,0,0,0,0,0,0,0,0,0,0,0.1,0,0,0,0,0,0,0,0,0,0,0,0,0,0.979999992,1551.008
0,0,0,0.219,0,0,0,0,0,0,0.476,0,0,0,0,0.204,0,0,0,0,0,0,0,0,0,0,0,0,0,0.02,0,0,0,0,0,0,0,0,0,0,0,0.051,0,0,0,0,0,0,0,0,0,0,0,0,0,0.03,0.979999992,1420
0,0,0,0.219,0,0,0,0,0,0,0.476,0,0,0,0,0.204,0,0,0,0,0,0,0,0,0,0,0,0,0,0.03,0,0,0,0,0,0,0,0,0,0,0,0.051,0,0,0,0,0,0,0,0,0,0,0,0,0,0.02,0.979999992,1410
0,0,0,0.219,0,0,0,0,0,0,0.476,0,0,0,0,0.204,0,0,0,0,0,0,0,0,0,0,0,0,0,0.01,0,0,0,0,0,0,0,0,0,0,0,0.051,0,0,0,0,0,0,0,0,0,0,0,0,0,0.04,0.979999992,1384
0,0,0,0.2,0,0,0,0,0,0,0,0,0,0,0,0.7,0,0,0,0,0,0,0,0,0,0,0,0,0,0.04,0,0,0,0,0,0,0,0,0,0,0,0,0,0,0,0,0,0.02,0,0,0,0,0,0,0,0.04,0.979999992,1357.132
0,0,0,0.25,0,0,0,0,0,0,0.49,0,0,0,0,0.21,0,0,0,0,0,0,0,0,0,0,0,0,0,0,0,0,0,0,0,0,0,0,0,0,0,0,0,0,0,0,0,0,0,0,0,0,0.05,0,0,0,0.979999992,1336
0,0,0,0.219,0,0,0,0,0,0,0.476,0,0,0,0,0.204,0,0,0,0,0,0,0,0,0,0,0,0,0,0.04,0,0,0,0,0,0,0,0,0,0,0,0.051,0,0,0,0,0,0,0,0,0,0,0,0,0,0.01,0.979999992,1322
0,0,0,0.2,0,0,0,0,0,0,0,0,0,0,0,0.7,0,0,0,0,0,0,0,0,0,0,0,0,0,0.04,0,0,0,0,0,0,0,0,0,0,0,0,0,0,0,0,0,0,0,0,0,0,0,0,0,0.06,0.979999992,1295.908
0,0,0,0.2,0,0,0,0,0,0,0,0,0,0,0,0.7,0,0,0,0,0,0,0,0,0,0,0,0,0,0.04,0,0,0,0,0,0,0,0,0,0,0,0,0,0,0,0,0,0,0,0,0,0,0,0,0,0.06,0.979999992,1290
0,0,0,0.219,0,0,0,0,0,0,0.476,0,0,0,0,0.204,0,0,0,0,0,0,0,0,0,0,0,0,0,0.05,0,0,0,0,0,0,0,0,0,0,0,0.051,0,0,0,0,0,0,0,0,0,0,0,0,0,0,0.979999992,1280
0,0,0,0.25,0,0,0,0,0,0,0.497,0,0,0,0,0.213,0,0,0,0,0,0,0,0,0,0,0,0,0,0,0,0,0,0,0,0,0,0,0,0,0,0,0,0,0,0,0,0,0,0,0,0,0.04,0,0,0,0.979999992,1270
0,0,0,0.2,0,0,0,0,0,0,0,0,0,0,0,0.7,0,0,0,0,0,0,0,0,0,0,0,0,0,0.02,0,0,0,0,0,0,0,0,0,0,0,0,0,0,0,0,0,0,0,0,0,0,0,0,0,0.08,0.979999992,1260
0,0,0,0.219,0,0,0,0,0,0,0.476,0,0,0,0,0.204,0,0,0,0,0,0,0,0,0,0,0,0,0,0,0,0,0,0,0,0,0,0,0,0,0,0.051,0,0,0,0,0,0,0,0,0,0,0,0,0,0.05,0.979999992,1243
0,0,0,0.25,0,0,0,0,0,0,0.5005,0,0,0,0,0.2145,0,0,0,0,0,0,0,0,0,0,0,0,0,0,0,0,0,0,0,0,0,0,0,0,0,0,0,0,0,0,0,0,0,0,0,0,0.035,0,0,0,0.979999992,1233
0,0,0,0.25,0,0,0,0,0,0,0.429,0,0,0,0,0.286,0,0,0,0,0,0,0,0,0,0,0,0,0,0,0,0,0,0,0,0,0,0,0,0,0,0,0,0,0,0,0,0,0,0,0,0,0.035,0,0,0,0.979999992,1225
0,0,0,0.25,0,0,0,0,0,0,0.504,0,0,0,0,0.216,0,0,0,0,0,0,0,0,0,0,0,0,0,0,0,0,0,0,0,0,0,0,0,0,0,0,0,0,0,0,0,0,0,0,0,0,0.03,0,0,0,0.979999992,1223
0,0,0,0.25,0,0,0,0,0,0,0.3575,0,0,0,0,0.3575,0,0,0,0,0,0,0,0,0,0,0,0,0,0,0,0,0,0,0,0,0,0,0,0,0,0,0,0,0,0,0,0,0,0,0,0,0.035,0,0,0,0.979999992,1218
0,0,0,0.15,0,0,0,0,0,0,0.45,0,0,0,0,0.3,0,0,0,0,0,0,0,0,0,0,0,0,0,0,0,0,0.03,0,0,0,0,0,0,0,0,0.07,0,0,0,0,0,0,0,0,0,0,0,0,0,0,0.979999992,1175
0,0,0,0.15,0,0,0,0,0,0,0.4,0,0,0,0,0.35,0,0,0,0,0,0,0,0,0,0,0,0,0,0,0,0,0.03,0,0,0,0,0,0,0,0,0.07,0,0,0,0,0,0,0,0,0,0,0,0,0,0,0.979999992,1170
0,0,0,0.2,0,0,0,0,0,0,0,0,0,0,0,0.71,0,0,0,0.03,0,0,0,0,0,0,0,0,0,0.04,0,0,0,0,0,0,0,0,0,0,0,0,0,0,0,0,0,0,0,0,0,0,0.02,0,0,0,0.979999992,1163
0,0,0,0.15,0,0,0,0,0,0,0.5,0,0,0,0,0.25,0,0,0,0,0,0,0,0,0,0,0,0,0,0,0,0,0.03,0,0,0,0,0,0,0,0,0.07,0,0,0,0,0,0,0,0,0,0,0,0,0,0,0.979999992,1160
0,0,0,0.2,0,0,0,0,0,0,0,0,0,0,0,0.7,0,0,0,0.03,0,0,0,0,0,0,0,0,0,0.04,0,0,0,0,0,0,0,0,0,0,0,0,0,0,0,0,0,0,0,0,0,0,0.03,0,0,0,0.979999992,1160
0,0,0,0.2,0,0,0,0,0,0,0,0,0,0,0,0.72,0,0,0,0.03,0,0,0,0,0,0,0,0,0,0.04,0,0,0,0,0,0,0,0,0,0,0,0,0,0,0,0,0,0,0,0,0,0,0.01,0,0,0,0.979999992,1158
0,0,0,0.15,0,0,0,0,0,0,0.55,0,0,0,0,0.2,0,0,0,0,0,0,0,0,0,0,0,0,0,0,0,0,0.03,0,0,0,0,0,0,0,0,0.07,0,0,0,0,0,0,0,0,0,0,0,0,0,0,0.979999992,1155
0,0,0,0.17,0,0,0,0,0,0,0.36,0,0,0,0,0.36,0,0,0,0,0,0,0,0,0,0,0,0,0.03,0.03,0,0,0,0,0,0,0,0,0,0,0,0.05,0,0,0,0,0,0,0,0,0,0,0,0,0,0,0.979999992,1153.052
0,0,0,0.15,0,0,0,0,0,0,0.6,0,0,0,0,0.15,0,0,0,0,0,0,0,0,0,0,0,0,0,0,0,0,0.03,0,0,0,0,0,0,0,0,0.07,0,0,0,0,0,0,0,0,0,0,0,0,0,0,0.979999992,1150
0,0,0,0.2,0,0,0,0,0,0,0,0,0,0,0,0.7,0,0,0,0,0,0,0,0,0,0,0,0,0,0,0,0,0,0,0,0,0,0,0,0,0,0,0,0,0,0,0,0,0,0,0,0,0,0,0,0.1,0.979999992,1140
0,0,0,0.2,0,0,0,0,0,0,0,0,0,0,0,0.73,0,0,0,0.03,0,0,0,0,0,0,0,0,0,0.04,0,0,0,0,0,0,0,0,0,0,0,0,0,0,0,0,0,0,0,0,0,0,0,0,0,0,0.979999992,1137
0,0,0,0.15,0,0,0,0,0,0,0.65,0,0,0,0,0.1,0,0,0,0,0,0,0,0,0,0,0,0,0,0,0,0,0.03,0,0,0,0,0,0,0,0,0.07,0,0,0,0,0,0,0,0,0,0,0,0,0,0,0.979999992,1135
0,0,0,0.25,0,0,0,0,0,0,0.511,0,0,0,0,0.219,0,0,0,0,0,0,0,0,0,0,0,0,0,0,0,0,0,0,0,0,0,0,0,0,0,0,0,0,0,0,0,0,0,0,0,0,0.02,0,0,0,0.979999992,1132
0,0,0,0.095,0,0,0,0.038,0,0,0,0,0,0,0,0.76,0,0,0,0,0,0,0,0,0,0,0,0,0,0,0,0,0.05,0,0,0,0,0,0,0,0,0.057,0,0,0,0,0,0,0,0,0,0,0,0,0,0,0.979999992,1130
0,0,0,0.25,0,0,0,0,0,0,0.572,0,0,0,0,0.143,0,0,0,0,0,0,0,0,0,0,0,0,0,0,0,0,0,0,0,0,0,0,0,0,0,0,0,0,0,0,0,0,0,0,0,0,0.035,0,0,0,0.979999992,1123
0,0,0,0.2,0,0,0,0,0,0,0,0,0,0,0,0.7,0,0,0,0,0,0,0,0,0,0,0,0,0,0.06,0,0,0,0,0,0,0,0,0,0,0,0,0,0,0,0,0,0,0,0,0,0,0,0,0,0.04,0.979999992,1120
0,0,0,0.15,0,0,0,0,0,0,0.75,0,0,0,0,0,0,0,0,0,0,0,0,0,0,0,0,0,0,0,0,0,0.03,0,0,0,0,0,0,0,0,0.07,0,0,0,0,0,0,0,0,0,0,0,0,0,0,0.979999992,1110
0,0,0,0.25,0,0,0,0,0,0,0.518,0,0,0,0,0.222,0,0,0,0,0,0,0,0,0,0,0,0,0,0,0,0,0,0,0,0,0,0,0,0,0,0,0,0,0,0,0,0,0,0,0,0,0.01,0,0,0,0.979999992,1109
0,0,0,0.25,0,0,0,0,0,0,0.6435,0,0,0,0,0.0715,0,0,0,0,0,0,0,0,0,0,0,0,0,0,0,0,0,0,0,0,0,0,0,0,0,0,0,0,0,0,0,0,0,0,0,0,0.035,0,0,0,0.979999992,1106
0,0,0,0.25,0,0,0,0,0,0,0.715,0,0,0,0,0,0,0,0,0,0,0,0,0,0,0,0,0,0,0,0,0,0,0,0,0,0,0,0,0,0,0,0,0,0,0,0,0,0,0,0,0,0.035,0,0,0,0.979999992,1072
0,0,0,0.25,0,0,0,0,0,0,0.65,0,0,0,0,0,0,0,0,0,0,0,0,0,0,0,0,0,0,0,0,0,0,0,0,0,0,0,0,0,0,0,0.1,0,0,0,0,0,0,0,0,0,0,0,0,0,0.979999992,1071.42
0,0,0,0.17,0,0,0,0,0,0,0,0,0,0,0,0.72,0,0,0,0,0,0,0,0,0,0,0,0,0.03,0.03,0,0,0,0,0,0,0,0,0,0,0,0.05,0,0,0,0,0,0,0,0,0,0,0,0,0,0,0.979999992,1071.42
0,0,0,0.17,0,0,0,0,0,0,0,0,0,0,0,0.72,0,0,0,0,0,0,0,0,0,0,0,0,0.06,0,0,0,0,0,0,0,0,0,0,0,0,0.05,0,0,0,0,0,0,0,0,0,0,0,0,0,0,0.979999992,1040.808
0,0,0,0.2,0,0,0,0,0,0,0,0,0,0,0,0.7,0,0,0,0,0,0,0,0,0,0,0,0,0,0.08,0,0,0,0,0,0,0,0,0,0,0,0,0,0,0,0,0,0,0,0,0,0,0,0,0,0.02,0.979999992,1030
0,0,0,0.25,0,0,0,0,0,0,0.75,0,0,0,0,0,0,0,0,0,0,0,0,0,0,0,0,0,0,0,0,0,0,0,0,0,0,0,0,0,0,0,0,0,0,0,0,0,0,0,0,0,0,0,0,0,0.979999992,1027
0,0,0,0.2,0,0,0,0,0,0,0,0,0,0,0,0.7,0,0,0,0,0,0,0,0,0,0,0,0,0,0.1,0,0,0,0,0,0,0,0,0,0,0,0,0,0,0,0,0,0,0,0,0,0,0,0,0,0,0.979999992,1020
0,0,0,0.08,0,0,0,0.01,0,0,0,0,0,0,0,0.83,0,0,0,0,0,0,0,0,0,0,0,0,0.02,0,0,0,0.04,0,0,0,0,0,0,0,0,0.02,0,0,0,0,0,0,0,0,0,0,0,0,0,0,0.979999992,938
0,0,0,0.08,0,0,0,0,0,0,0,0,0,0,0,0.84,0,0,0,0,0,0,0,0,0,0,0,0,0.02,0,0,0,0.04,0,0,0,0,0,0,0,0,0.02,0,0,0,0,0,0,0,0,0,0,0,0,0,0,0.979999992,929
0,0,0,0.08,0,0,0,0.01,0,0,0,0.02,0,0,0,0.83,0,0,0,0,0,0,0,0,0,0,0,0,0,0,0,0,0.04,0,0,0,0,0,0,0,0,0.02,0,0,0,0,0,0,0,0,0,0,0,0,0,0,0.979999992,925
0,0,0,0.08,0,0,0,0,0,0,0,0.02,0,0,0,0.84,0,0,0,0,0,0,0,0,0,0,0,0,0,0,0,0,0.04,0,0,0,0,0,0,0,0,0.02,0,0,0,0,0,0,0,0,0,0,0,0,0,0,0.979999992,912
0,0.25,0,0,0,0,0,0,0,0,0.2,0,0,0,0,0,0,0,0,0,0,0,0,0,0,0.39,0,0,0,0,0,0,0,0,0,0,0,0,0,0,0,0,0,0,0,0,0,0,0,0,0,0,0.16,0,0,0,0.979999992,624.4848
0,0.25,0,0,0,0,0,0,0,0,0.2,0,0,0,0,0,0,0,0,0,0,0,0,0,0,0,0,0,0,0,0,0,0,0,0,0,0,0,0,0,0,0,0,0,0,0,0,0,0.39,0,0,0,0.16,0,0,0,0.979999992,619.3828
0,0.2667,0,0,0,0,0,0,0,0,0.2,0,0,0,0,0,0,0,0,0,0,0,0,0,0,0,0,0,0,0,0,0.2667,0,0,0,0,0,0,0,0,0,0,0,0,0,0,0,0,0,0,0,0,0.2667,0,0,0,0.979999992,591
0,0.3067,0,0,0,0,0,0,0,0,0.08,0,0,0,0,0,0,0,0,0,0,0,0,0,0,0,0,0,0,0,0,0.3067,0,0,0,0,0,0,0,0,0,0,0,0,0,0,0,0,0,0,0,0,0.3067,0,0,0,0.979999992,579
0,0.25,0,0,0,0,0,0,0,0,0.2,0,0,0,0.55,0,0,0,0,0,0,0,0,0,0,0,0,0,0,0,0,0,0,0,0,0,0,0,0,0,0,0,0,0,0,0,0,0,0,0,0,0,0,0,0,0,0.979999992,556.118
0,0.2833,0,0,0,0,0,0,0,0,0.15,0,0,0,0,0,0,0,0,0,0,0,0,0,0,0,0,0,0,0,0,0.2833,0,0,0,0,0,0,0,0,0,0,0,0,0,0,0,0,0,0,0,0,0.2833,0,0,0,0.979999992,541.5
0,0.1,0,0,0,0,0,0,0,0,0,0,0.45,0,0,0,0,0,0,0,0,0,0,0,0,0,0,0,0,0,0,0,0,0,0,0,0,0,0,0,0,0,0,0,0,0,0,0,0,0,0,0,0,0,0,0.45,0.979999992,541
0,0.3167,0,0,0,0,0,0,0,0,0.05,0,0,0,0,0,0,0,0,0,0,0,0,0,0,0,0,0,0,0,0,0.3167,0,0,0,0,0,0,0,0,0,0,0,0,0,0,0,0,0,0,0,0,0.3167,0,0,0,0.979999992,534.5
0,0.2933,0,0,0,0,0,0,0,0,0.12,0,0,0,0,0,0,0,0,0,0,0,0,0,0,0,0,0,0,0,0,0.2933,0,0,0,0,0,0,0,0,0,0,0,0,0,0,0,0,0,0,0,0,0.2933,0,0,0,0.979999992,534
0,0.08,0,0,0,0,0,0,0,0,0,0,0.46,0,0,0,0,0,0,0,0,0,0,0,0,0,0,0,0,0,0,0,0,0,0,0,0,0,0,0,0,0,0,0,0,0,0,0,0,0,0,0,0,0,0,0.46,0.979999992,526
0,0.07,0,0,0,0,0,0,0,0,0,0,0.465,0,0,0,0,0,0,0,0,0,0,0,0,0,0,0,0,0,0,0,0,0,0,0,0,0,0,0,0,0,0,0,0,0,0,0,0,0,0,0,0,0,0,0.465,0.979999992,521
0,0.1,0,0,0,0,0,0,0,0,0,0,0.38,0,0,0,0,0,0,0,0,0,0,0,0,0,0,0,0,0,0,0,0,0,0,0,0,0,0,0,0,0,0,0,0,0,0,0.02,0,0,0,0,0,0,0,0.5,0.979999992,518
0,0.07,0,0,0,0,0,0,0,0,0,0,0.45,0,0,0,0,0,0,0,0,0,0,0,0,0,0,0,0,0,0,0,0,0,0,0,0,0,0,0,0,0,0,0,0,0,0,0,0,0,0,0,0,0,0,0.48,0.979999992,516.1
0,0.06,0,0,0,0,0,0,0,0,0,0,0.47,0,0,0,0,0,0,0,0,0,0,0,0,0,0,0,0,0,0,0,0,0,0,0,0,0,0,0,0,0,0,0,0,0,0,0,0,0,0,0,0,0,0,0.47,0.979999992,506
0,0.099,0,0,0,0,0,0,0,0,0,0,0.3762,0,0,0,0,0,0,0,0,0,0,0,0,0,0,0,0,0,0,0,0,0,0,0,0,0,0,0,0,0,0,0,0,0,0,0.0198,0,0,0,0,0.01,0,0,0.495,0.979999992,504
0,0.098,0,0,0,0,0,0,0,0,0,0,0.3724,0,0,0,0,0,0,0,0,0,0,0,0,0,0,0,0,0,0,0,0,0,0,0,0,0,0,0,0,0,0,0,0,0,0,0.0196,0,0,0,0,0.02,0,0,0.49,0.979999992,498
0,0.07,0,0,0,0,0,0,0,0,0,0,0.45,0,0,0,0,0.02,0,0,0,0,0,0,0,0,0,0,0,0,0,0,0,0,0,0,0,0,0,0,0,0,0,0,0,0,0,0,0,0,0,0,0,0,0,0.46,0.979999992,494.5
0,0.07,0,0,0,0,0,0,0,0,0,0,0.45,0,0,0,0,0.03,0,0,0,0,0,0,0,0,0,0,0,0,0,0,0,0,0,0,0,0,0,0,0,0,0,0,0,0,0,0,0,0,0,0,0,0,0,0.45,0.979999992,494.2
0,0.097,0,0,0,0,0,0,0,0,0,0,0.3686,0,0,0,0,0,0,0,0,0,0,0,0,0,0,0,0,0,0,0,0,0,0,0,0,0,0,0,0,0,0,0,0,0,0,0.0194,0,0,0,0,0.03,0,0,0.485,0.979999992,492
0,0.04,0,0,0,0,0,0,0,0,0,0,0.48,0,0,0,0,0,0,0,0,0,0,0,0,0,0,0,0,0,0,0,0,0,0,0,0,0,0,0,0,0,0,0,0,0,0,0,0,0,0,0,0,0,0,0.48,0.979999992,489
0,0.25,0,0,0,0,0,0,0,0,0.2,0,0,0,0,0,0,0.55,0,0,0,0,0,0,0,0,0,0,0,0,0,0,0,0,0,0,0,0,0,0,0,0,0,0,0,0,0,0,0,0,0,0,0,0,0,0,0.979999992,481.6288
0,0.25,0,0,0,0,0,0,0,0,0.2,0,0,0.55,0,0,0,0,0,0,0,0,0,0,0,0,0,0,0,0,0,0,0,0,0,0,0,0,0,0,0,0,0,0,0,0,0,0,0,0,0,0,0,0,0,0,0.979999992,479.588
0,0.03,0,0,0,0,0,0,0,0,0,0,0.485,0,0,0,0,0,0,0,0,0,0,0,0,0,0,0,0,0,0,0,0,0,0,0,0,0,0,0,0,0,0,0,0,0,0,0,0,0,0,0,0,0,0,0.485,0.979999992,477
0,0.095,0,0,0,0,0,0,0,0,0,0,0.361,0,0,0,0,0,0,0,0,0,0,0,0,0,0,0,0,0,0,0,0,0,0,0,0,0,0,0,0,0,0,0,0,0,0,0.019,0,0,0,0,0.05,0,0,0.475,0.979999992,473
0,0.07,0,0,0,0,0,0,0,0,0,0,0.45,0,0,0,0,0.05,0,0,0,0,0,0,0,0,0,0,0,0,0,0,0,0,0,0,0,0,0,0,0,0,0,0,0,0,0,0,0,0,0,0,0,0,0,0.43,0.979999992,471.9
0,0.25,0,0,0,0,0,0,0,0,0.2,0,0,0,0,0,0,0,0,0,0,0,0,0,0,0,0,0,0,0,0,0,0,0,0,0,0,0,0,0,0,0,0,0,0,0,0.55,0,0,0,0,0,0,0,0,0,0.979999992,451.0168
0,0.25,0,0,0,0,0,0,0,0,0.2,0,0,0,0,0,0,0,0,0,0,0,0,0,0,0,0,0,0,0,0,0,0,0,0,0,0,0,0,0,0,0,0,0,0,0,0,0,0,0,0,0,0.55,0,0,0,0.979999992,451.0168
0,0,0,0,0,0,0,0,0,0,0,0,0.5,0,0,0,0,0,0,0,0,0,0,0,0,0,0,0,0,0,0,0,0,0,0,0,0,0,0,0,0,0,0,0,0,0,0,0,0,0,0,0,0,0,0,0.5,0.979999992,449
0,0.1,0,0,0,0,0,0,0,0,0,0,0.3,0,0,0,0,0,0,0,0,0,0,0,0,0,0,0,0,0,0,0.05,0,0,0,0,0,0,0,0,0,0,0,0,0,0,0,0,0,0,0,0,0,0,0,0.55,0.979999992,429
0,0.25,0,0,0,0,0,0,0,0,0.2,0,0,0,0,0,0,0,0,0,0.55,0,0,0,0,0,0,0,0,0,0,0,0,0,0,0,0,0,0,0,0,0,0,0,0,0,0,0,0,0,0,0,0,0,0,0,0.979999992,422.4456
0,0.25,0,0,0,0,0,0,0,0,0.2,0,0,0,0,0,0,0,0,0,0,0,0,0,0,0,0,0,0,0,0.55,0,0,0,0,0,0,0,0,0,0,0,0,0,0,0,0,0,0,0,0,0,0,0,0,0,0.979999992,380.6092
0,0.25,0,0,0,0,0,0,0,0,0.2,0,0,0,0,0,0,0,0,0,0,0,0,0.55,0,0,0,0,0,0,0,0,0,0,0,0,0,0,0,0,0,0,0,0,0,0,0,0,0,0,0,0,0,0,0,0,0.979999992,355.0992
0,0.86,0,0,0,0,0,0,0,0,0,0,0,0,0,0,0,0,0,0,0,0,0,0.05,0,0,0,0,0,0,0,0.09,0,0,0,0,0,0,0,0,0,0,0,0,0,0,0,0,0,0,0,0,0,0,0,0,0.979999992,322
0,0.86,0,0,0,0,0,0,0,0.025,0.045,0,0,0,0,0,0,0,0,0,0,0,0,0.025,0,0,0,0,0,0,0,0.045,0,0,0,0,0,0,0,0,0,0,0,0,0,0,0,0,0,0,0,0,0,0,0,0,0.979999992,302
0,0.86,0,0,0,0,0,0,0,0.025,0,0,0,0,0,0,0,0,0,0,0,0,0,0.025,0,0,0,0,0,0,0,0.09,0,0,0,0,0,0,0,0,0,0,0,0,0,0,0,0,0,0,0,0,0,0,0,0,0.979999992,290
0,0.25,0,0,0,0,0,0,0,0,0.2,0,0,0,0,0,0,0,0,0,0,0,0,0,0,0,0,0,0,0,0,0,0,0,0,0.55,0,0,0,0,0,0,0,0,0,0,0,0,0,0,0,0,0,0,0,0,0.979999992,263.2632
0,0,0,0,0,0,0,0,0.025,0,0,0,0,0,0,0,0,0,0,0,0,0,0,0,0,0,0.66,0,0,0,0,0,0,0,0,0,0,0,0,0,0,0,0,0,0.015,0,0,0,0,0,0,0,0,0,0.3,0,0.979999992,256.1204
0,0,0,0,0,0,0,0,0.03,0,0,0,0,0,0,0,0,0,0,0,0,0,0,0,0,0,0.66,0,0,0,0,0,0,0,0,0,0,0,0,0,0,0,0,0,0.01,0,0,0,0,0,0,0,0,0,0.3,0,0.979999992,256.1204
0,0,0,0,0,0,0,0,0.035,0,0,0,0,0,0,0,0,0,0,0,0,0,0,0,0,0,0.66,0,0,0,0,0,0,0,0,0,0,0,0,0,0,0,0,0,0.005,0,0,0,0,0,0,0,0,0,0.3,0,0.979999992,254.0796
0,0,0,0,0,0,0,0,0.04,0,0,0,0,0,0,0,0,0,0,0,0,0,0,0,0,0,0.66,0,0,0,0,0,0,0,0,0,0,0,0,0,0,0,0,0,0,0,0,0,0,0,0,0,0,0,0.3,0,0.979999992,249.998
0,0.14,0,0,0,0,0,0,0,0,0,0,0.1264,0,0,0,0,0,0,0,0,0,0,0,0,0,0,0,0,0,0,0.0791,0,0,0,0,0,0,0,0,0,0,0,0,0,0,0,0,0,0,0,0,0,0,0,0.6545,0.500000004,417.8538
0,0.12,0,0,0,0,0,0,0,0,0,0,0.1294,0,0,0,0,0,0,0,0,0,0,0,0,0,0,0,0,0,0,0.081,0,0,0,0,0,0,0,0,0,0,0,0,0,0,0,0,0,0,0,0,0,0,0,0.6697,0.500000004,373.9766
0,0.1,0,0,0,0,0,0,0,0,0,0,0.1323,0,0,0,0,0,0,0,0,0,0,0,0,0,0,0,0,0,0,0.0828,0,0,0,0,0,0,0,0,0,0,0,0,0,0,0,0,0,0,0,0,0,0,0,0.6849,0.500000004,363.16036
0,0.09,0,0,0,0,0,0,0,0,0,0,0.1338,0,0,0,0,0,0,0,0,0,0,0,0,0,0,0,0,0,0,0.0837,0,0,0,0,0,0,0,0,0,0,0,0,0,0,0,0,0,0,0,0,0,0,0,0.6925,0.500000004,344.58908
0,0.08,0,0,0,0,0,0,0,0,0,0,0.1352,0,0,0,0,0,0,0,0,0,0,0,0,0,0,0,0,0,0,0.0846,0,0,0,0,0,0,0,0,0,0,0,0,0,0,0,0,0,0,0,0,0,0,0,0.7001,0.500000004,330.30348
0,0.07,0,0,0,0,0,0,0,0,0,0,0.1367,0,0,0,0,0,0,0,0,0,0,0,0,0,0,0,0,0,0,0.0856,0,0,0,0,0,0,0,0,0,0,0,0,0,0,0,0,0,0,0,0,0,0,0,0.7077,0.500000004,326.93616
0,0,0,0.192,0,0,0,0,0,0,0,0,0,0,0,0.72,0,0,0,0,0,0,0,0,0,0,0,0,0,0,0,0,0,0,0,0,0,0,0,0,0,0.048,0,0,0,0.04,0,0,0,0,0,0,0,0,0,0,0.489999997,1383.6624
0,0,0,0.192,0,0,0,0,0,0,0,0,0,0,0,0.72,0,0,0,0,0,0,0,0,0,0,0,0,0,0,0,0,0,0,0,0,0,0,0,0,0,0.048,0,0,0,0,0,0,0,0,0,0,0.04,0,0,0,0.489999997,1172.4396
0.1,0,0,0,0,0,0,0,0,0,0,0,0.45,0,0,0,0,0,0,0.2,0,0,0,0,0,0,0,0,0,0,0,0,0,0,0,0,0,0,0,0,0,0,0,0,0,0,0,0,0,0,0,0,0,0,0,0.25,0.489999997,579
0.1,0,0,0,0,0,0,0,0,0,0,0,0.45,0,0,0,0,0,0,0.1,0,0,0,0,0,0,0,0,0,0,0,0,0,0,0,0,0,0,0,0,0,0,0,0,0,0,0,0,0,0,0,0,0,0,0,0.35,0.489999997,568
0.03,0.07,0,0,0,0,0,0,0,0,0,0,0.45,0,0,0,0,0,0,0,0,0,0,0,0,0,0,0,0,0,0,0,0,0,0,0,0,0,0,0,0,0,0,0,0,0,0,0,0,0,0,0,0,0,0,0.45,0.489999997,561
0.05,0.05,0,0,0,0,0,0,0,0,0,0,0.45,0,0,0,0,0,0,0,0,0,0,0,0,0,0,0,0,0,0,0,0,0,0,0,0,0,0,0,0,0,0,0,0,0,0,0,0,0,0,0,0,0,0,0.45,0.489999997,556
0.084,0.08,0,0,0,0,0,0,0,0,0,0,0.376,0,0,0,0,0,0,0,0,0,0,0,0,0,0,0,0,0,0,0,0,0,0,0,0,0,0,0,0,0,0,0,0,0,0,0,0,0,0,0,0,0,0,0.46,0.489999997,554
0,0.143,0,0,0,0,0,0,0,0,0,0,0.233,0,0,0,0,0,0,0,0,0,0,0,0,0,0,0,0,0,0,0.105,0,0,0,0,0,0,0,0,0,0,0,0,0,0,0,0,0,0,0,0,0,0,0,0.519,0.489999997,550
0.12,0,0,0,0,0,0,0,0,0,0,0,0.44,0,0,0,0,0,0,0,0,0,0,0,0,0,0,0,0,0,0,0,0,0,0,0,0,0,0,0,0,0,0,0,0,0,0,0,0,0,0,0,0,0,0,0.44,0.489999997,549
0.1,0,0,0,0,0,0,0,0,0,0,0,0.45,0,0,0,0,0,0,0,0,0,0,0,0,0,0,0,0,0,0,0,0,0,0,0,0,0,0,0,0,0,0,0,0,0,0,0,0,0,0,0,0,0,0,0.45,0.489999997,542
0.07,0.03,0,0,0,0,0,0,0,0,0,0,0.45,0,0,0,0,0,0,0,0,0,0,0,0,0,0,0,0,0,0,0,0,0,0,0,0,0,0,0,0,0,0,0,0,0,0,0,0,0,0,0,0,0,0,0.45,0.489999997,540
0.08,0,0,0,0,0,0,0,0,0,0,0,0.46,0,0,0,0,0,0,0,0,0,0,0,0,0,0,0,0,0,0,0,0,0,0,0,0,0,0,0,0,0,0,0,0,0,0,0,0,0,0,0,0,0,0,0.46,0.489999997,533
0,0,0,0,0,0.2,0,0,0,0,0,0,0.03,0,0,0,0,0,0,0,0,0,0,0,0,0,0,0,0,0,0,0.12,0,0,0,0,0,0,0,0,0,0,0,0,0,0,0,0.4,0,0,0,0,0,0,0,0.25,0.489999997,530
0,0,0,0,0,0,0,0,0,0,0,0,0.27,0,0,0,0,0,0,0,0,0,0,0,0,0,0.6,0,0,0,0,0,0,0,0,0,0,0,0,0,0,0,0,0,0,0,0,0.03,0,0,0,0,0.1,0,0,0,0.489999997,347
0,0,0,0,0,0,0,0,0,0,0,0,0.25,0,0,0,0,0,0,0,0,0,0,0,0,0,0.6,0,0,0,0,0,0,0,0,0,0,0,0,0,0,0,0,0,0,0,0,0.05,0,0,0,0,0.1,0,0,0,0.489999997,321
0,0,0,0,0,0,0,0,0,0,0,0,0.34,0,0,0,0,0,0,0,0,0,0,0,0,0,0.57,0,0,0,0.09,0,0,0,0,0,0,0,0,0,0,0,0,0,0,0,0,0,0,0,0,0,0,0,0,0,0.489999997,301.018
0,0.86,0,0,0,0,0,0,0,0,0,0,0,0,0,0,0,0,0,0,0,0,0,0,0,0,0,0,0,0,0,0.07,0,0,0,0,0,0,0,0,0,0,0,0,0,0,0,0,0,0,0,0,0,0,0,0.07,0.489999997,288.1
0,0,0,0,0,0,0,0,0,0,0,0,0.25,0,0,0,0,0.1,0,0,0,0,0,0,0,0,0.6,0,0,0,0,0,0,0,0,0,0,0,0,0,0,0,0,0,0,0,0,0,0,0,0,0,0,0,0.05,0,0.489999997,286
0,0,0,0,0,0,0,0,0,0,0,0,0,0,0,0,0,0,0,0,0,0,0,0,0,0,0.64,0,0,0,0.15,0.21,0,0,0,0,0,0,0,0,0,0,0,0,0,0,0,0,0,0,0,0,0,0,0,0,0.489999997,277.5488
0,0,0,0,0,0,0,0,0,0,0,0,0.22,0,0,0,0,0,0,0,0,0,0,0,0,0,0.6,0,0,0,0,0,0,0,0,0,0,0,0,0,0,0,0,0,0,0,0,0.08,0,0,0,0,0.1,0,0,0,0.489999997,269
0,0,0,0,0,0,0,0,0,0,0,0,0.3,0,0,0,0,0,0,0,0,0,0,0,0,0,0.6,0,0,0,0,0,0,0,0,0,0,0,0,0,0,0,0,0,0,0,0,0,0,0,0,0,0.1,0,0,0,0.489999997,261
0,0,0,0,0,0,0,0,0,0,0,0,0.25,0,0,0,0,0.1,0,0,0,0,0,0,0,0,0.65,0,0,0,0,0,0,0,0,0,0,0,0,0,0,0,0,0,0,0,0,0,0,0,0,0,0,0,0,0,0.489999997,257
0,0,0,0,0,0,0,0,0,0,0,0,0.25,0,0,0,0,0.1,0,0,0,0,0,0,0,0,0.62,0,0,0,0,0,0,0,0,0,0,0,0,0,0,0,0,0,0,0,0,0,0,0,0,0,0,0,0.03,0,0.489999997,255
0,0,0,0,0,0,0,0,0,0,0,0,0.18,0,0,0,0,0,0,0,0,0,0,0,0.02,0,0.65,0,0,0,0,0.05,0,0,0,0,0,0,0,0,0,0,0,0,0,0,0,0,0,0,0,0,0.1,0,0,0,0.489999997,253.0592
0,0,0,0,0,0,0,0,0,0,0,0,0.16,0,0,0,0,0,0,0,0,0,0,0,0.04,0,0.65,0,0,0,0,0.05,0,0,0,0,0,0,0,0,0,0,0,0,0,0,0,0,0,0,0,0,0.1,0,0,0,0.489999997,248.9776
0,0.86,0,0,0,0,0,0,0,0,0,0,0,0,0,0,0,0,0,0,0,0,0,0,0,0,0,0,0,0,0,0.08,0,0,0,0,0,0,0,0,0,0,0,0,0,0,0,0,0,0,0,0,0,0,0,0.06,0.489999997,245.85
0,0,0,0,0,0,0,0,0,0,0,0,0.25,0,0,0,0,0.1,0,0,0,0,0,0,0,0,0.57,0,0,0,0,0,0,0,0,0,0,0,0,0,0,0,0,0,0,0,0,0,0,0,0,0,0,0,0.08,0,0.489999997,243
0,0,0,0,0,0,0,0,0,0,0,0,0.14,0,0,0,0,0,0,0,0,0,0,0,0.06,0,0.65,0,0,0,0,0.05,0,0,0,0,0,0,0,0,0,0,0,0,0,0,0,0,0,0,0,0,0.1,0,0,0,0.489999997,241.8348
0,0.86,0,0,0,0,0,0,0,0,0,0,0,0,0,0,0,0,0,0,0,0,0,0,0,0,0,0,0,0,0,0.09,0,0,0,0,0,0,0,0,0,0,0,0,0,0,0,0,0,0,0,0,0,0,0,0.05,0.489999997,227.7
0,0.86,0,0,0,0,0,0,0,0,0,0,0,0,0,0,0,0,0,0,0,0,0,0,0,0,0,0,0,0,0,0.13,0,0,0,0,0,0,0,0,0,0,0,0,0,0,0,0,0,0,0,0,0,0,0,0.01,0.489999997,226.5
0,0,0,0,0,0,0,0,0,0,0,0,0.2,0,0,0,0,0,0,0,0,0,0,0,0,0,0.65,0,0,0,0,0.05,0,0,0,0,0,0,0,0,0,0,0,0,0,0,0,0,0,0,0,0,0.1,0,0,0,0.489999997,223.4676
0,0.86,0,0,0,0,0,0,0,0,0,0,0,0,0,0,0,0,0,0,0,0,0,0,0,0,0,0,0,0,0,0.11,0,0,0,0,0,0,0,0,0,0,0,0,0,0,0,0,0,0,0,0,0,0,0,0.03,0.489999997,221.05
0,0.86,0,0,0,0,0,0,0,0,0,0,0,0,0,0,0,0,0,0,0,0,0,0,0,0,0,0,0,0,0,0.12,0,0,0,0,0,0,0,0,0,0,0,0,0,0,0,0,0,0,0,0,0,0,0,0.02,0.489999997,218.4
0,0.86,0,0,0,0,0,0,0,0,0,0,0,0,0,0,0,0,0,0,0,0,0,0,0,0,0,0,0,0,0,0.1,0,0,0,0,0,0,0,0,0,0,0,0,0,0,0,0,0,0,0,0,0,0,0,0.04,0.489999997,216.25
0,0,0,0,0,0,0,0,0,0,0,0,0,0,0,0,0,0,0,0,0,0,0,0,0,0,0,0,0,0,0,0,0,0,0,0,0,0,0,0,0,0.15,0,0,0,0,0,0.65,0,0,0,0,0,0,0,0.2,0.293999999,848
0,0,0,0,0,0,0,0,0,0,0,0,0,0,0,0,0,0,0,0,0,0,0,0,0,0,0,0,0,0,0,0,0,0,0,0,0,0,0,0,0,0.15,0,0,0,0.03,0,0.6,0,0,0,0,0,0,0,0.22,0.293999999,679
0,0,0,0,0,0,0,0,0,0,0,0,0,0,0,0,0,0,0,0,0,0,0,0,0,0,0,0,0,0,0,0,0,0,0,0,0,0,0,0,0,0.15,0,0,0,0.03,0,0.52,0,0,0,0,0,0,0,0.3,0.293999999,624
0,0,0,0,0,0,0,0,0,0,0,0,0,0,0,0,0,0,0,0,0,0,0,0,0,0,0,0,0,0,0,0,0,0,0,0,0,0,0,0,0,0.15,0,0,0,0.1,0,0.65,0,0,0,0,0,0,0,0.1,0.293999999,610
0,0,0,0,0,0,0,0,0,0,0,0,0,0,0,0,0,0,0,0,0,0,0,0,0,0,0,0,0,0,0,0,0,0,0,0,0,0,0,0,0,0.15,0,0,0,0,0,0.45,0,0,0,0,0,0,0,0.4,0.293999999,604
0,0,0,0,0,0,0,0,0,0,0,0,0,0,0,0,0,0,0,0,0,0,0,0,0,0,0,0,0,0,0,0,0,0,0,0,0,0,0,0,0,0.15,0,0,0,0.03,0,0.42,0,0,0,0,0,0,0,0.4,0.293999999,560
0,0,0,0.25,0,0,0,0,0,0,0.27,0,0,0,0,0.405,0,0.035,0,0,0,0,0,0,0,0,0,0,0,0.04,0,0,0,0,0,0,0,0,0,0,0,0,0,0,0,0,0,0,0,0,0,0,0,0,0,0,0.245000009,1065
0,0,0,0.25,0,0,0,0,0,0,0.3375,0,0,0,0,0.3375,0,0.035,0,0,0,0,0,0,0,0,0,0,0,0.04,0,0,0,0,0,0,0,0,0,0,0,0,0,0,0,0,0,0,0,0,0,0,0,0,0,0,0.245000009,1056
0,0,0,0.17,0,0,0,0,0,0,0.09,0,0,0,0,0.61,0,0,0,0,0,0,0,0,0,0,0,0,0.05,0,0,0,0,0,0,0,0,0,0,0,0,0,0,0,0,0,0,0,0,0,0,0,0,0,0,0.08,0.245000009,1044
0,0,0,0.25,0,0,0,0,0,0,0.0675,0,0,0,0,0.6075,0,0.035,0,0,0,0,0,0,0,0,0,0,0,0.04,0,0,0,0,0,0,0,0,0,0,0,0,0,0,0,0,0,0,0,0,0,0,0,0,0,0,0.245000009,1038
0,0,0,0.25,0,0,0,0,0,0,0.135,0,0,0,0,0.54,0,0.035,0,0,0,0,0,0,0,0,0,0,0,0.04,0,0,0,0,0,0,0,0,0,0,0,0,0,0,0,0,0,0,0,0,0,0,0,0,0,0,0.245000009,1037
0,0,0,0.25,0,0,0,0,0,0,0.2025,0,0,0,0,0.4725,0,0.035,0,0,0,0,0,0,0,0,0,0,0,0.04,0,0,0,0,0,0,0,0,0,0,0,0,0,0,0,0,0,0,0,0,0,0,0,0,0,0,0.245000009,1028
0,0.84,0,0,0,0,0,0,0,0,0.02,0,0.06,0,0,0,0,0,0,0,0,0,0,0.02,0,0,0,0,0,0,0,0,0,0,0,0,0,0,0,0,0,0,0,0,0,0,0,0,0,0,0,0,0.06,0,0,0,0.245000009,189.1
0,0.86,0,0,0,0,0,0,0,0,0,0,0.06,0,0,0,0,0,0,0,0,0,0,0.02,0,0,0,0,0,0,0,0,0,0,0,0,0,0,0,0,0,0,0,0,0,0,0,0,0,0,0,0,0.06,0,0,0,0.245000009,174.9
0,0.86,0,0,0,0,0,0,0,0,0.02,0,0.06,0,0,0,0,0,0,0,0,0,0,0,0,0,0,0,0,0,0,0,0,0,0,0,0,0,0,0,0,0,0,0,0,0,0,0,0,0,0,0,0.06,0,0,0,0.245000009,84.9
0,0,0,0.37,0,0,0,0,0,0,0.53,0,0,0,0,0,0,0,0,0,0,0,0,0,0,0,0,0,0,0,0,0,0,0,0,0,0,0,0,0,0,0,0,0,0,0.1,0,0,0,0,0,0,0,0,0,0,0.2,1653
0,0,0,0.33,0,0,0,0,0,0,0.57,0,0,0,0,0,0,0,0,0,0,0,0,0,0,0,0,0,0,0,0,0,0,0,0,0,0,0,0,0,0,0,0,0,0,0.1,0,0,0,0,0,0,0,0,0,0,0.2,1500
0,0,0,0.33,0,0,0,0,0,0,0.59,0,0,0,0,0,0,0,0,0,0,0,0,0,0,0,0,0,0,0,0,0,0,0,0,0,0,0,0,0,0,0,0,0,0,0.08,0,0,0,0,0,0,0,0,0,0,0.2,1480
0,0,0,0.33,0,0,0,0,0,0,0.61,0,0,0,0,0,0,0,0,0,0,0,0,0,0,0,0,0,0,0,0,0,0,0,0,0,0,0,0,0,0,0,0,0,0,0.06,0,0,0,0,0,0,0,0,0,0,0.2,1459
0,0.724,0,0,0,0,0,0,0,0,0,0,0,0,0,0,0,0,0,0,0,0,0,0,0,0,0,0,0,0,0,0.1,0,0,0,0,0,0,0,0,0,0,0.176,0,0,0,0,0,0,0,0,0,0,0,0,0,0.196,574
0,0.76,0,0,0,0,0,0,0,0,0,0,0,0,0,0,0,0,0,0,0,0,0,0,0,0,0,0,0,0,0,0.04,0,0,0,0,0,0,0,0,0,0,0.2,0,0,0,0,0,0,0,0,0,0,0,0,0,0.196,547.8
0,0.9,0,0,0,0,0,0,0,0,0,0,0,0,0,0,0,0,0,0,0,0,0,0,0,0,0,0,0,0,0,0.04,0,0,0,0,0,0,0,0,0,0,0.06,0,0,0,0,0,0,0,0,0,0,0,0,0,0.196,423.6
0,0.816,0,0,0,0,0,0,0,0,0,0,0,0,0,0,0,0,0,0,0,0,0,0,0,0,0,0,0,0,0,0.12,0,0,0,0,0,0,0,0,0,0,0.064,0,0,0,0,0,0,0,0,0,0,0,0,0,0.196,348
0,0,0,0.17,0,0,0,0,0,0,0,0,0,0,0,0,0,0,0,0,0,0,0,0,0,0,0,0,0,0,0,0,0,0,0,0,0,0,0,0.37,0,0,0,0,0,0,0,0,0,0,0,0.46,0,0,0,0,0.1,1713
0,0,0,0.17,0,0,0,0,0,0,0,0,0,0,0,0,0,0,0,0,0,0,0,0,0,0,0,0,0,0,0,0,0,0,0,0,0,0.23,0,0.15,0,0,0,0,0,0,0,0,0,0,0,0.45,0,0,0,0,0.1,1530
0,0,0,0.751801,0,0,0,0,0,0,0,0,0,0,0,0.072866,0,0,0,0,0,0,0,0,0,0,0,0,0,0.175333,0,0,0,0,0,0,0,0,0,0,0,0,0,0,0,0,0,0,0,0,0,0,0,0,0,0,0.01,2290.200877
0,0,0,0.334463,0,0,0,0,0,0,0,0,0,0,0,0.386477,0,0,0,0,0,0,0,0,0,0,0,0,0,0.27906,0,0,0,0,0,0,0,0,0,0,0,0,0,0,0,0,0,0,0,0,0,0,0,0,0,0,0.01,1995.513409
0,0,0,0.426059,0,0,0,0,0,0,0,0,0,0,0,0.440411,0,0,0,0,0,0,0,0,0,0,0,0,0,0.13353,0,0,0,0,0,0,0,0,0,0,0,0,0,0,0,0,0,0,0,0,0,0,0,0,0,0,0.01,1970.021413
0,0,0,0.163474,0,0,0,0,0,0,0,0,0,0,0,0.476236,0,0,0,0,0,0,0,0,0,0,0,0,0,0.36029,0,0,0,0,0,0,0,0,0,0,0,0,0,0,0,0,0,0,0,0,0,0,0,0,0,0,0.01,1183.848272
0,0,0,0.480909,0,0,0,0,0,0,0,0,0,0,0,0.022662,0,0,0,0,0,0,0,0,0,0,0,0,0,0.496429,0,0,0,0,0,0,0,0,0,0,0,0,0,0,0,0,0,0,0,0,0,0,0,0,0,0,0.01,1518.303253
0,0,0,0.164148,0,0,0,0,0,0,0,0,0,0,0,0.540098,0,0,0,0,0,0,0,0,0,0,0,0,0,0.295754,0,0,0,0,0,0,0,0,0,0,0,0,0,0,0,0,0,0,0,0,0,0,0,0,0,0,0.01,1124.706842
0,0,0,0.506499,0,0,0,0,0,0,0,0,0,0,0,0.378763,0,0,0,0,0,0,0,0,0,0,0,0,0,0.114738,0,0,0,0,0,0,0,0,0,0,0,0,0,0,0,0,0,0,0,0,0,0,0,0,0,0,0.01,1531.55909
0,0,0,0.595643,0,0,0,0,0,0,0,0,0,0,0,0.313127,0,0,0,0,0,0,0,0,0,0,0,0,0,0.09123,0,0,0,0,0,0,0,0,0,0,0,0,0,0,0,0,0,0,0,0,0,0,0,0,0,0,0.01,2117.874987
0,0,0,0.608999,0,0,0,0,0,0,0,0,0,0,0,0.251727,0,0,0,0,0,0,0,0,0,0,0,0,0,0.139274,0,0,0,0,0,0,0,0,0,0,0,0,0,0,0,0,0,0,0,0,0,0,0,0,0,0,0.01,2135.209544
0,0,0,0.2878373,0,0,0,0,0,0,0,0,0,0,0,0.6517537,0,0,0,0,0,0,0,0,0,0,0,0,0,0.0604091,0,0,0,0,0,0,0,0,0,0,0,0,0,0,0,0,0,0,0,0,0,0,0,0,0,0,0.01,1526.460691
0,0,0,0.210519,0,0,0,0,0,0,0,0,0,0,0,0.275058,0,0,0,0,0,0,0,0,0,0,0,0,0,0.514423,0,0,0,0,0,0,0,0,0,0,0,0,0,0,0,0,0,0,0,0,0,0,0,0,0,0,0.01,1143.061079
0,0,0,0.600798,0,0,0,0,0,0,0,0,0,0,0,0.292322,0,0,0,0,0,0,0,0,0,0,0,0,0,0.10688,0,0,0,0,0,0,0,0,0,0,0,0,0,0,0,0,0,0,0,0,0,0,0,0,0,0,0.01,2191.291934
0,0,0,0.504088,0,0,0,0,0,0,0,0,0,0,0,0.321609,0,0,0,0,0,0,0,0,0,0,0,0,0,0.174303,0,0,0,0,0,0,0,0,0,0,0,0,0,0,0,0,0,0,0,0,0,0,0,0,0,0,0.01,2044.45804
0,0,0,0.140446,0,0,0,0,0,0,0,0,0,0,0,0.686955,0,0,0,0,0,0,0,0,0,0,0,0,0,0.172599,0,0,0,0,0,0,0,0,0,0,0,0,0,0,0,0,0,0,0,0,0,0,0,0,0,0,0.01,1355.154481
0,0,0,0.103225,0,0,0,0,0,0,0,0,0,0,0,0.56108,0,0,0,0,0,0,0,0,0,0,0,0,0,0.335695,0,0,0,0,0,0,0,0,0,0,0,0,0,0,0,0,0,0,0,0,0,0,0,0,0,0,0.01,1149.179158
0,0,0,0.3738824,0,0,0,0,0,0,0,0,0,0,0,0.5226745,0,0,0,0,0,0,0,0,0,0,0,0,0,0.1034431,0,0,0,0,0,0,0,0,0,0,0,0,0,0,0,0,0,0,0,0,0,0,0,0,0,0,0.01,1663.097787
0,0,0,0.1745178,0,0,0,0,0,0,0,0,0,0,0,0.4008216,0,0,0,0,0,0,0,0,0,0,0,0,0,0.4246606,0,0,0,0,0,0,0,0,0,0,0,0,0,0,0,0,0,0,0,0,0,0,0,0,0,0,0.01,1120.628123
0,0,0,0.318589,0,0,0,0,0,0,0,0,0,0,0,0.42734,0,0,0,0,0,0,0,0,0,0,0,0,0,0.254071,0,0,0,0,0,0,0,0,0,0,0,0,0,0,0,0,0,0,0,0,0,0,0,0,0,0,0.01,2147.445702
0,0,0,0.572909,0,0,0,0,0,0,0,0,0,0,0,0.028785,0,0,0,0,0,0,0,0,0,0,0,0,0,0.398306,0,0,0,0,0,0,0,0,0,0,0,0,0,0,0,0,0,0,0,0,0,0,0,0,0,0,0.01,2065.871316
0,0,0,0.413281,0,0,0,0,0,0,0,0,0,0,0,0.241213,0,0,0,0,0,0,0,0,0,0,0,0,0,0.345506,0,0,0,0,0,0,0,0,0,0,0,0,0,0,0,0,0,0,0,0,0,0,0,0,0,0,0.01,2240.236566
0,0,0,0.128807,0,0,0,0,0,0,0,0,0,0,0,0.687954,0,0,0,0,0,0,0,0,0,0,0,0,0,0.183239,0,0,0,0,0,0,0,0,0,0,0,0,0,0,0,0,0,0,0,0,0,0,0,0,0,0,0.01,1077.80157
0,0,0,0.148182,0,0,0,0,0,0,0,0,0,0,0,0.693984,0,0,0,0,0,0,0,0,0,0,0,0,0,0.157834,0,0,0,0,0,0,0,0,0,0,0,0,0,0,0,0,0,0,0,0,0,0,0,0,0,0,0.01,1341.898644
0,0,0,0.120098,0,0,0,0,0,0,0,0,0,0,0,0.753501,0,0,0,0,0,0,0,0,0,0,0,0,0,0.126401,0,0,0,0,0,0,0,0,0,0,0,0,0,0,0,0,0,0,0,0,0,0,0,0,0,0,0.01,1256.245539
0,0,0,0.301127,0,0,0,0,0,0,0,0,0,0,0,0.60725,0,0,0,0,0,0,0,0,0,0,0,0,0,0.091623,0,0,0,0,0,0,0,0,0,0,0,0,0,0,0,0,0,0,0,0,0,0,0,0,0,0,0.01,1507.086775
0,0,0,0.225082,0,0,0,0,0,0,0,0,0,0,0,0.667882,0,0,0,0,0,0,0,0,0,0,0,0,0,0.107036,0,0,0,0,0,0,0,0,0,0,0,0,0,0,0,0,0,0,0,0,0,0,0,0,0,0,0.01,1467.319262
0,0,0,0.388552,0,0,0,0,0,0,0,0,0,0,0,0.36738,0,0,0,0,0,0,0,0,0,0,0,0,0,0.244068,0,0,0,0,0,0,0,0,0,0,0,0,0,0,0,0,0,0,0,0,0,0,0,0,0,0,0.01,2062.812277
0,0,0,0.5346195,0,0,0,0,0,0,0,0,0,0,0,0.033659,0,0,0,0,0,0,0,0,0,0,0,0,0,0.4317216,0,0,0,0,0,0,0,0,0,0,0,0,0,0,0,0,0,0,0,0,0,0,0,0,0,0,0.01,1708.983379
0,0,0,0.207604,0,0,0,0,0,0,0,0,0,0,0,0.403641,0,0,0,0,0,0,0,0,0,0,0,0,0,0.388755,0,0,0,0,0,0,0,0,0,0,0,0,0,0,0,0,0,0,0,0,0,0,0,0,0,0,0.01,1348.016723
0,0,0,0.442459,0,0,0,0,0,0,0,0,0,0,0,0.232449,0,0,0,0,0,0,0,0,0,0,0,0,0,0.325092,0,0,0,0,0,0,0,0,0,0,0,0,0,0,0,0,0,0,0,0,0,0,0,0,0,0,0.01,2248.394004
0,0,0,0.513325,0,0,0,0,0,0,0,0,0,0,0,0.082334,0,0,0,0,0,0,0,0,0,0,0,0,0,0.404341,0,0,0,0,0,0,0,0,0,0,0,0,0,0,0,0,0,0,0,0,0,0,0,0,0,0,0.01,1797.695524
0,0,0,0.563677,0,0,0,0,0,0,0,0,0,0,0,0.204094,0,0,0,0,0,0,0,0,0,0,0,0,0,0.232229,0,0,0,0,0,0,0,0,0,0,0,0,0,0,0,0,0,0,0,0,0,0,0,0,0,0,0.01,1573.365963
0,0,0,0.108178,0,0,0,0,0,0,0,0,0,0,0,0.667361,0,0,0,0,0,0,0,0,0,0,0,0,0,0.224461,0,0,0,0,0,0,0,0,0,0,0,0,0,0,0,0,0,0,0,0,0,0,0,0,0,0,0.01,1058.427654
0,0,0,0.0956831,0,0,0,0,0,0,0,0,0,0,0,0.6037216,0,0,0,0,0,0,0,0,0,0,0,0,0,0.3005953,0,0,0,0,0,0,0,0,0,0,0,0,0,0,0,0,0,0,0,0,0,0,0,0,0,0,0.01,1134.90364
0,0,0,0.503392,0,0,0,0,0,0,0,0,0,0,0,0.031163,0,0,0,0,0,0,0,0,0,0,0,0,0,0.465445,0,0,0,0,0,0,0,0,0,0,0,0,0,0,0,0,0,0,0,0,0,0,0,0,0,0,0.01,1583.562761
0,0,0,0.423317,0,0,0,0,0,0,0,0,0,0,0,0.011735,0,0,0,0,0,0,0,0,0,0,0,0,0,0.564948,0,0,0,0,0,0,0,0,0,0,0,0,0,0,0,0,0,0,0,0,0,0,0,0,0,0,0.01,1272.560416
0,0,0,0.182627,0,0,0,0,0,0,0,0,0,0,0,0.523324,0,0,0,0,0,0,0,0,0,0,0,0,0,0.294049,0,0,0,0,0,0,0,0,0,0,0,0,0,0,0,0,0,0,0,0,0,0,0,0,0,0,0.01,1080.86061
0,0,0,0.481108,0,0,0,0,0,0,0,0,0,0,0,0.412301,0,0,0,0,0,0,0,0,0,0,0,0,0,0.106591,0,0,0,0,0,0,0,0,0,0,0,0,0,0,0,0,0,0,0,0,0,0,0,0,0,0,0.01,2105.638829
0,0,0,0.1177341,0,0,0,0,0,0,0,0,0,0,0,0.8266938,0,0,0,0,0,0,0,0,0,0,0,0,0,0.0555721,0,0,0,0,0,0,0,0,0,0,0,0,0,0,0,0,0,0,0,0,0,0,0,0,0,0,0.01,1107.372285
0,0,0,0.088772,0,0,0,0,0,0,0,0,0,0,0,0.674654,0,0,0,0,0,0,0,0,0,0,0,0,0,0.236574,0,0,0,0,0,0,0,0,0,0,0,0,0,0,0,0,0,0,0,0,0,0,0,0,0,0,0.01,1127.765882
0,0,0,0.125166,0,0,0,0,0,0,0,0,0,0,0,0.679129,0,0,0,0,0,0,0,0,0,0,0,0,0,0.195705,0,0,0,0,0,0,0,0,0,0,0,0,0,0,0,0,0,0,0,0,0,0,0,0,0,0,0.01,1266.442337
0,0,0,0.3354693,0,0,0,0,0,0,0,0,0,0,0,0.5881936,0,0,0,0,0,0,0,0,0,0,0,0,0,0.0763371,0,0,0,0,0,0,0,0,0,0,0,0,0,0,0,0,0,0,0,0,0,0,0,0,0,0,0.01,1639.645151
0,0,0,0.0920831,0,0,0,0,0,0,0,0,0,0,0,0.6889207,0,0,0,0,0,0,0,0,0,0,0,0,0,0.2189962,0,0,0,0,0,0,0,0,0,0,0,0,0,0,0,0,0,0,0,0,0,0,0,0,0,0,0.01,1087.998369
0,0,0,0.632435,0,0,0,0,0,0,0,0,0,0,0,0.066239,0,0,0,0,0,0,0,0,0,0,0,0,0,0.301326,0,0,0,0,0,0,0,0,0,0,0,0,0,0,0,0,0,0,0,0,0,0,0,0,0,0,0.01,1883.348629
0,0,0,0.130154,0,0,0,0,0,0,0,0,0,0,0,0.830522,0,0,0,0,0,0,0,0,0,0,0,0,0,0.039324,0,0,0,0,0,0,0,0,0,0,0,0,0,0,0,0,0,0,0,0,0,0,0,0,0,0,0.01,1130.824921
0,0,0,0.0910209,0,0,0,0,0,0,0,0,0,0,0,0.6420104,0,0,0,0,0,0,0,0,0,0,0,0,0,0.2669687,0,0,0,0,0,0,0,0,0,0,0,0,0,0,0,0,0,0,0,0,0,0,0,0,0,0,0.01,1158.356276
0,0,0,0.236156,0,0,0,0,0,0,0,0,0,0,0,0.702247,0,0,0,0,0,0,0,0,0,0,0,0,0,0.061597,0,0,0,0,0,0,0,0,0,0,0,0,0,0,0,0,0,0,0,0,0,0,0,0,0,0,0.01,1465.279902
0,0,0,0.334786,0,0,0,0,0,0,0,0,0,0,0,0.459998,0,0,0,0,0,0,0,0,0,0,0,0,0,0.205216,0,0,0,0,0,0,0,0,0,0,0,0,0,0,0,0,0,0,0,0,0,0,0,0,0,0,0.01,2026.103803
0,0,0,0.172145,0,0,0,0,0,0,0,0,0,0,0,0.571019,0,0,0,0,0,0,0,0,0,0,0,0,0,0.256836,0,0,0,0,0,0,0,0,0,0,0,0,0,0,0,0,0,0,0,0,0,0,0,0,0,0,0.01,1412.256551
0,0,0,0.206174,0,0,0,0,0,0,0,0,0,0,0,0.292315,0,0,0,0,0,0,0,0,0,0,0,0,0,0.501511,0,0,0,0,0,0,0,0,0,0,0,0,0,0,0,0,0,0,0,0,0,0,0,0,0,0,0.01,1140.002039
0,0,0,0.219629,0,0,0,0,0,0,0,0,0,0,0,0.658135,0,0,0,0,0,0,0,0,0,0,0,0,0,0.122236,0,0,0,0,0,0,0,0,0,0,0,0,0,0,0,0,0,0,0,0,0,0,0,0,0,0,0.01,1527.480371
0,0,0,0.109484,0,0,0,0,0,0,0,0,0,0,0,0.55073,0,0,0,0,0,0,0,0,0,0,0,0,0,0.339786,0,0,0,0,0,0,0,0,0,0,0,0,0,0,0,0,0,0,0,0,0,0,0,0,0,0,0.01,1217.497706
0,0,0,0.540852,0,0,0,0,0,0,0,0,0,0,0,0.022736,0,0,0,0,0,0,0,0,0,0,0,0,0,0.436412,0,0,0,0,0,0,0,0,0,0,0,0,0,0,0,0,0,0,0,0,0,0,0,0,0,0,0.01,1834.403997
0,0,0,0.241333,0,0,0,0,0,0,0,0,0,0,0,0.200227,0,0,0,0,0,0,0,0,0,0,0,0,0,0.55844,0,0,0,0,0,0,0,0,0,0,0,0,0,0,0,0,0,0,0,0,0,0,0,0,0,0,0.01,1162.434995
0,0,0,0.110059,0,0,0,0,0,0,0,0,0,0,0,0.585965,0,0,0,0,0,0,0,0,0,0,0,0,0,0.303976,0,0,0,0,0,0,0,0,0,0,0,0,0,0,0,0,0,0,0,0,0,0,0,0,0,0,0.01,1171.612114
0,0,0,0.611657,0,0,0,0,0,0,0,0,0,0,0,0.064678,0,0,0,0,0,0,0,0,0,0,0,0,0,0.323666,0,0,0,0,0,0,0,0,0,0,0,0,0,0,0,0,0,0,0,0,0,0,0,0,0,0,0.01,2205.567452
0,0,0,0.5190845,0,0,0,0,0,0,0,0,0,0,0,0.3990946,0,0,0,0,0,0,0,0,0,0,0,0,0,0.0818209,0,0,0,0,0,0,0,0,0,0,0,0,0,0,0,0,0,0,0,0,0,0,0,0,0,0,0.01,2107.678189
0,0,0,0.1646468,0,0,0,0,0,0,0,0,0,0,0,0.7955402,0,0,0,0,0,0,0,0,0,0,0,0,0,0.039813,0,0,0,0,0,0,0,0,0,0,0,0,0,0,0,0,0,0,0,0,0,0,0,0,0,0,0.01,1179.769552
0,0,0,0.117317,0,0,0,0,0,0,0,0,0,0,0,0.720605,0,0,0,0,0,0,0,0,0,0,0,0,0,0.162078,0,0,0,0,0,0,0,0,0,0,0,0,0,0,0,0,0,0,0,0,0,0,0,0,0,0,0.01,1056.388294
0,0,0,0.150109,0,0,0,0,0,0,0,0,0,0,0,0.591257,0,0,0,0,0,0,0,0,0,0,0,0,0,0.258634,0,0,0,0,0,0,0,0,0,0,0,0,0,0,0,0,0,0,0,0,0,0,0,0,0,0,0.01,1122.667482
0,0,0,0.243018,0,0,0,0,0,0,0,0,0,0,0,0.23042,0,0,0,0,0,0,0,0,0,0,0,0,0,0.526562,0,0,0,0,0,0,0,0,0,0,0,0,0,0,0,0,0,0,0,0,0,0,0,0,0,0,0.01,1157.336596
0,0,0,0.215468,0,0,0,0,0,0,0,0,0,0,0,0.438206,0,0,0,0,0,0,0,0,0,0,0,0,0,0.346326,0,0,0,0,0,0,0,0,0,0,0,0,0,0,0,0,0,0,0,0,0,0,0,0,0,0,0.01,1401.040073
0,0,0,0.56564,0,0,0,0,0,0,0,0,0,0,0,0.302926,0,0,0,0,0,0,0,0,0,0,0,0,0,0.131434,0,0,0,0,0,0,0,0,0,0,0,0,0,0,0,0,0,0,0,0,0,0,0,0,0,0,0.01,2275.925359
0,0,0,0.123846,0,0,0,0,0,0,0,0,0,0,0,0.458908,0,0,0,0,0,0,0,0,0,0,0,0,0,0.417246,0,0,0,0,0,0,0,0,0,0,0,0,0,0,0,0,0,0,0,0,0,0,0,0,0,0,0.01,1188.946671
0,0,0,0.536975,0,0,0,0,0,0,0,0,0,0,0,0.043491,0,0,0,0,0,0,0,0,0,0,0,0,0,0.419534,0,0,0,0,0,0,0,0,0,0,0,0,0,0,0,0,0,0,0,0,0,0,0,0,0,0,0.01,1731.416335
0,0,0,0.375484,0,0,0,0,0,0,0,0,0,0,0,0.42121,0,0,0,0,0,0,0,0,0,0,0,0,0,0.203306,0,0,0,0,0,0,0,0,0,0,0,0,0,0,0,0,0,0,0,0,0,0,0,0,0,0,0.01,2067.910676
0,0,0,0.062903,0,0,0,0,0,0,0,0,0,0,0,0.826788,0,0,0,0,0,0,0,0,0,0,0,0,0,0.110309,0,0,0,0,0,0,0,0,0,0,0,0,0,0,0,0,0,0,0,0,0,0,0,0,0,0,0.01,928.9283165
0,0,0,0.0768,0,0,0,0,0,0,0,0,0,0,0,0.830546,0,0,0,0,0,0,0,0,0,0,0,0,0,0.092654,0,0,0,0,0,0,0,0,0,0,0,0,0,0,0,0,0,0,0,0,0,0,0,0,0,0,0.01,957.4793515
0,0,0,0.561394,0,0,0,0,0,0,0,0,0,0,0,0.025466,0,0,0,0,0,0,0,0,0,0,0,0,0,0.41314,0,0,0,0,0,0,0,0,0,0,0,0,0,0,0,0,0,0,0,0,0,0,0,0,0,0,0.01,1796.675844
0,0,0,0.3626096,0,0,0,0,0,0,0,0,0,0,0,0.5767484,0,0,0,0,0,0,0,0,0,0,0,0,0,0.0606419,0,0,0,0,0,0,0,0,0,0,0,0,0,0,0,0,0,0,0,0,0,0,0,0,0,0,0.01,1681.452024
0,0,0,0.061907,0,0,0,0,0,0,0,0,0,0,0,0.857709,0,0,0,0,0,0,0,0,0,0,0,0,0,0.080384,0,0,0,0,0,0,0,0,0,0,0,0,0,0,0,0,0,0,0,0,0,0,0,0,0,0,0.01,943.203834
0,0,0,0.52085,0,0,0,0,0,0,0,0,0,0,0,0.052853,0,0,0,0,0,0,0,0,0,0,0,0,0,0.426297,0,0,0,0,0,0,0,0,0,0,0,0,0,0,0,0,0,0,0,0,0,0,0,0,0,0,0.01,1696.747221
0,0,0,0.51348,0,0,0,0,0,0,0,0,0,0,0,0.287441,0,0,0,0,0,0,0,0,0,0,0,0,0,0.199079,0,0,0,0,0,0,0,0,0,0,0,0,0,0,0,0,0,0,0,0,0,0,0,0,0,0,0.01,2165.799939
0,0,0,0.244956,0,0,0,0,0,0,0,0,0,0,0,0.399511,0,0,0,0,0,0,0,0,0,0,0,0,0,0.355533,0,0,0,0,0,0,0,0,0,0,0,0,0,0,0,0,0,0,0,0,0,0,0,0,0,0,0.01,1455.083104
0,0,0,0.264919,0,0,0,0,0,0,0,0,0,0,0,0.189147,0,0,0,0,0,0,0,0,0,0,0,0,0,0.545934,0,0,0,0,0,0,0,0,0,0,0,0,0,0,0,0,0,0,0,0,0,0,0,0,0,0,0.01,1141.021719
0,0,0,0.366942,0,0,0,0,0,0,0,0,0,0,0,0.555293,0,0,0,0,0,0,0,0,0,0,0,0,0,0.077765,0,0,0,0,0,0,0,0,0,0,0,0,0,0,0,0,0,0,0,0,0,0,0,0,0,0,0.01,1681.452024
0,0,0,0.244656,0,0,0,0,0,0,0,0,0,0,0,0.10099,0,0,0,0,0,0,0,0,0,0,0,0,0,0.654354,0,0,0,0,0,0,0,0,0,0,0,0,0,0,0,0,0,0,0,0,0,0,0,0,0,0,0.01,1084.939329
0,0,0,0.224005,0,0,0,0,0,0,0,0,0,0,0,0.27134,0,0,0,0,0,0,0,0,0,0,0,0,0,0.504655,0,0,0,0,0,0,0,0,0,0,0,0,0,0,0,0,0,0,0,0,0,0,0,0,0,0,0.01,1151.218517
0,0,0,0.227482,0,0,0,0,0,0,0,0,0,0,0,0.325368,0,0,0,0,0,0,0,0,0,0,0,0,0,0.44715,0,0,0,0,0,0,0,0,0,0,0,0,0,0,0,0,0,0,0,0,0,0,0,0,0,0,0.01,1283.776894
0,0,0,0.321826,0,0,0,0,0,0,0,0,0,0,0,0.487703,0,0,0,0,0,0,0,0,0,0,0,0,0,0.190471,0,0,0,0,0,0,0,0,0,0,0,0,0,0,0,0,0,0,0,0,0,0,0,0,0,0,0.01,1673.294586
0,0,0,0.132959,0,0,0,0,0,0,0,0,0,0,0,0.523156,0,0,0,0,0,0,0,0,0,0,0,0,0,0.343885,0,0,0,0,0,0,0,0,0,0,0,0,0,0,0,0,0,0,0,0,0,0,0,0,0,0,0.01,1170.592434
0,0,0,0.676661,0,0,0,0,0,0,0,0,0,0,0,0.198514,0,0,0,0,0,0,0,0,0,0,0,0,0,0.124825,0,0,0,0,0,0,0,0,0,0,0,0,0,0,0,0,0,0,0,0,0,0,0,0,0,0,0.01,1961.863975
0,0,0,0.135356,0,0,0,0,0,0,0,0,0,0,0,0.804708,0,0,0,0,0,0,0,0,0,0,0,0,0,0.059936,0,0,0,0,0,0,0,0,0,0,0,0,0,0,0,0,0,0,0,0,0,0,0,0,0,0,0.01,1177.730193
0,0,0,0.2171908,0,0,0,0,0,0,0,0,0,0,0,0.7136113,0,0,0,0,0,0,0,0,0,0,0,0,0,0.0691979,0,0,0,0,0,0,0,0,0,0,0,0,0,0,0,0,0,0,0,0,0,0,0,0,0,0,0.01,1459.161823
0,0,0,0.210811,0,0,0,0,0,0,0,0,0,0,0,0.745096,0,0,0,0,0,0,0,0,0,0,0,0,0,0.044093,0,0,0,0,0,0,0,0,0,0,0,0,0,0,0,0,0,0,0,0,0,0,0,0,0,0,0.01,1329.662486
0,0,0,0.155341,0,0,0,0,0,0,0,0,0,0,0,0.616358,0,0,0,0,0,0,0,0,0,0,0,0,0,0.228301,0,0,0,0,0,0,0,0,0,0,0,0,0,0,0,0,0,0,0,0,0,0,0,0,0,0,0.01,1041.093097
0,0,0,0.132023,0,0,0,0,0,0,0,0,0,0,0,0.485717,0,0,0,0,0,0,0,0,0,0,0,0,0,0.38226,0,0,0,0,0,0,0,0,0,0,0,0,0,0,0,0,0,0,0,0,0,0,0,0,0,0,0.01,1213.418986
0,0,0,0.256444,0,0,0,0,0,0,0,0,0,0,0,0.215653,0,0,0,0,0,0,0,0,0,0,0,0,0,0.527903,0,0,0,0,0,0,0,0,0,0,0,0,0,0,0,0,0,0,0,0,0,0,0,0,0,0,0.01,1152.238197
0,0,0,0.280964,0,0,0,0,0,0,0,0,0,0,0,0.511267,0,0,0,0,0,0,0,0,0,0,0,0,0,0.207769,0,0,0,0,0,0,0,0,0,0,0,0,0,0,0,0,0,0,0,0,0,0,0,0,0,0,0.01,1538.696849
0,0,0,0.174033,0,0,0,0,0,0,0,0,0,0,0,0.753487,0,0,0,0,0,0,0,0,0,0,0,0,0,0.07248,0,0,0,0,0,0,0,0,0,0,0,0,0,0,0,0,0,0,0,0,0,0,0,0,0,0,0.01,1368.410319
0,0,0,0.411787,0,0,0,0,0,0,0,0,0,0,0,0.302434,0,0,0,0,0,0,0,0,0,0,0,0,0,0.28578,0,0,0,0,0,0,0,0,0,0,0,0,0,0,0,0,0,0,0,0,0,0,0,0,0,0,0.01,2031.202203
0,0,0,0.480046,0,0,0,0,0,0,0,0,0,0,0,0.201718,0,0,0,0,0,0,0,0,0,0,0,0,0,0.318237,0,0,0,0,0,0,0,0,0,0,0,0,0,0,0,0,0,0,0,0,0,0,0,0,0,0,0.01,1989.39533
0,0,0,0.1405219,0,0,0,0,0,0,0,0,0,0,0,0.8236112,0,0,0,0,0,0,0,0,0,0,0,0,0,0.035867,0,0,0,0,0,0,0,0,0,0,0,0,0,0,0,0,0,0,0,0,0,0,0,0,0,0,0.01,1123.687162
0,0,0,0.3295393,0,0,0,0,0,0,0,0,0,0,0,0.5206325,0,0,0,0,0,0,0,0,0,0,0,0,0,0.1498281,0,0,0,0,0,0,0,0,0,0,0,0,0,0,0,0,0,0,0,0,0,0,0,0,0,0,0.01,1600.897318
0,0,0,0.072652,0,0,0,0,0,0,0,0,0,0,0,0.815517,0,0,0,0,0,0,0,0,0,0,0,0,0,0.111831,0,0,0,0,0,0,0,0,0,0,0,0,0,0,0,0,0,0,0,0,0,0,0,0,0,0,0.01,950.3415927
0,0,0,0.232432,0,0,0,0,0,0,0,0,0,0,0,0.257454,0,0,0,0,0,0,0,0,0,0,0,0,0,0.510114,0,0,0,0,0,0,0,0,0,0,0,0,0,0,0,0,0,0,0,0,0,0,0,0,0,0,0.01,1170.592434
0,0,0,0.47586,0,0,0,0,0,0,0,0,0,0,0,0.257877,0,0,0,0,0,0,0,0,0,0,0,0,0,0.266263,0,0,0,0,0,0,0,0,0,0,0,0,0,0,0,0,0,0,0,0,0,0,0,0,0,0,0.01,2268.787601
0,0,0,0.423382,0,0,0,0,0,0,0,0,0,0,0,0.208371,0,0,0,0,0,0,0,0,0,0,0,0,0,0.368247,0,0,0,0,0,0,0,0,0,0,0,0,0,0,0,0,0,0,0,0,0,0,0,0,0,0,0.01,2159.68186
0,0,0,0.53946,0,0,0,0,0,0,0,0,0,0,0,0.086145,0,0,0,0,0,0,0,0,0,0,0,0,0,0.374394,0,0,0,0,0,0,0,0,0,0,0,0,0,0,0,0,0,0,0,0,0,0,0,0,0,0,0.01,1940.450698
0,0,0,0.1371269,0,0,0,0,0,0,0,0,0,0,0,0.7179283,0,0,0,0,0,0,0,0,0,0,0,0,0,0.1449449,0,0,0,0,0,0,0,0,0,0,0,0,0,0,0,0,0,0,0,0,0,0,0,0,0,0,0.01,1304.17049
0,0,0,0.243554,0,0,0,0,0,0,0,0,0,0,0,0.145599,0,0,0,0,0,0,0,0,0,0,0,0,0,0.610847,0,0,0,0,0,0,0,0,0,0,0,0,0,0,0,0,0,0,0,0,0,0,0,0,0,0,0.01,1118.588763
0,0,0,0.39518,0,0,0,0,0,0,0,0,0,0,0,0.405364,0,0,0,0,0,0,0,0,0,0,0,0,0,0.199456,0,0,0,0,0,0,0,0,0,0,0,0,0,0,0,0,0,0,0,0,0,0,0,0,0,0,0.01,1868.053431
0,0,0,0.561515,0,0,0,0,0,0,0,0,0,0,0,0.030803,0,0,0,0,0,0,0,0,0,0,0,0,0,0.407682,0,0,0,0,0,0,0,0,0,0,0,0,0,0,0,0,0,0,0,0,0,0,0,0,0,0,0.01,1775.262568
0,0,0,0.246098,0,0,0,0,0,0,0,0,0,0,0,0.560244,0,0,0,0,0,0,0,0,0,0,0,0,0,0.193658,0,0,0,0,0,0,0,0,0,0,0,0,0,0,0,0,0,0,0,0,0,0,0,0,0,0,0.01,1864.994392
0,0,0,0.360111,0,0,0,0,0,0,0,0,0,0,0,0.452549,0,0,0,0,0,0,0,0,0,0,0,0,0,0.18734,0,0,0,0,0,0,0,0,0,0,0,0,0,0,0,0,0,0,0,0,0,0,0,0,0,0,0.01,2045.47772
0,0,0,0.258218,0,0,0,0,0,0,0,0,0,0,0,0.154688,0,0,0,0,0,0,0,0,0,0,0,0,0,0.587094,0,0,0,0,0,0,0,0,0,0,0,0,0,0,0,0,0,0,0,0,0,0,0,0,0,0,0.01,1097.175487
0,0,0,0.51014,0,0,0,0,0,0,0,0,0,0,0,0.056202,0,0,0,0,0,0,0,0,0,0,0,0,0,0.433658,0,0,0,0,0,0,0,0,0,0,0,0,0,0,0,0,0,0,0,0,0,0,0,0,0,0,0.01,1651.881309
0,0,0,0.248863,0,0,0,0,0,0,0,0,0,0,0,0.604469,0,0,0,0,0,0,0,0,0,0,0,0,0,0.146668,0,0,0,0,0,0,0,0,0,0,0,0,0,0,0,0,0,0,0,0,0,0,0,0,0,0,0.01,1995.513409
0,0,0,0.3598,0,0,0,0,0,0,0,0,0,0,0,0.389327,0,0,0,0,0,0,0,0,0,0,0,0,0,0.250873,0,0,0,0,0,0,0,0,0,0,0,0,0,0,0,0,0,0,0,0,0,0,0,0,0,0,0.01,2074.028755
0,0,0,0.1621182,0,0,0,0,0,0,0,0,0,0,0,0.6371426,0,0,0,0,0,0,0,0,0,0,0,0,0,0.2007392,0,0,0,0,0,0,0,0,0,0,0,0,0,0,0,0,0,0,0,0,0,0,0,0,0,0,0.01,1381.666157
0,0,0,0.547358,0,0,0,0,0,0,0,0,0,0,0,0.098698,0,0,0,0,0,0,0,0,0,0,0,0,0,0.353943,0,0,0,0,0,0,0,0,0,0,0,0,0,0,0,0,0,0,0,0,0,0,0,0,0,0,0.01,2026.103803
0,0,0,0.52943,0,0,0,0,0,0,0,0,0,0,0,0.301929,0,0,0,0,0,0,0,0,0,0,0,0,0,0.168641,0,0,0,0,0,0,0,0,0,0,0,0,0,0,0,0,0,0,0,0,0,0,0,0,0,0,0.01,2266.748241
0,0,0,0.25218,0,0,0,0,0,0,0,0,0,0,0,0.115676,0,0,0,0,0,0,0,0,0,0,0,0,0,0.632144,0,0,0,0,0,0,0,0,0,0,0,0,0,0,0,0,0,0,0,0,0,0,0,0,0,0,0.01,1108.391965
0,0,0,0.597324,0,0,0,0,0,0,0,0,0,0,0,0.062776,0,0,0,0,0,0,0,0,0,0,0,0,0,0.339899,0,0,0,0,0,0,0,0,0,0,0,0,0,0,0,0,0,0,0,0,0,0,0,0,0,0,0.01,2137.248904
0,0,0,0.560441,0,0,0,0,0,0,0,0,0,0,0,0.100058,0,0,0,0,0,0,0,0,0,0,0,0,0,0.339501,0,0,0,0,0,0,0,0,0,0,0,0,0,0,0,0,0,0,0,0,0,0,0,0,0,0,0.01,2165.799939
0,0,0,0.133473,0,0,0,0,0,0,0,0,0,0,0,0.789648,0,0,0,0,0,0,0,0,0,0,0,0,0,0.076879,0,0,0,0,0,0,0,0,0,0,0,0,0,0,0,0,0,0,0,0,0,0,0,0,0,0,0.01,1226.674824
0,0,0,0.5472115,0,0,0,0,0,0,0,0,0,0,0,0.2876717,0,0,0,0,0,0,0,0,0,0,0,0,0,0.1651168,0,0,0,0,0,0,0,0,0,0,0,0,0,0,0,0,0,0,0,0,0,0,0,0,0,0,0.01,2205.567452
0,0,0,0.06311,0,0,0,0,0,0,0,0,0,0,0,0.840872,0,0,0,0,0,0,0,0,0,0,0,0,0,0.096018,0,0,0,0,0,0,0,0,0,0,0,0,0,0,0,0,0,0,0,0,0,0,0,0,0,0,0.01,923.8299174
0,0,0,0.527197,0,0,0,0,0,0,0,0,0,0,0,0.023845,0,0,0,0,0,0,0,0,0,0,0,0,0,0.448958,0,0,0,0,0,0,0,0,0,0,0,0,0,0,0,0,0,0,0,0,0,0,0,0,0,0,0.01,1667.176507
0,0,0,0.168248,0,0,0,0,0,0,0,0,0,0,0,0.54402,0,0,0,0,0,0,0,0,0,0,0,0,0,0.287732,0,0,0,0,0,0,0,0,0,0,0,0,0,0,0,0,0,0,0,0,0,0,0,0,0,0,0.01,1329.662486
0,0,0,0.505863,0,0,0,0,0,0,0,0,0,0,0,0.254635,0,0,0,0,0,0,0,0,0,0,0,0,0,0.239502,0,0,0,0,0,0,0,0,0,0,0,0,0,0,0,0,0,0,0,0,0,0,0,0,0,0,0.01,1257.265219
0,0,0,0.308383,0,0,0,0,0,0,0,0,0,0,0,0.527117,0,0,0,0,0,0,0,0,0,0,0,0,0,0.1645,0,0,0,0,0,0,0,0,0,0,0,0,0,0,0,0,0,0,0,0,0,0,0,0,0,0,0.01,1588.66116
0,0,0,0.4637805,0,0,0,0,0,0,0,0,0,0,0,0.3634646,0,0,0,0,0,0,0,0,0,0,0,0,0,0.1727548,0,0,0,0,0,0,0,0,0,0,0,0,0,0,0,0,0,0,0,0,0,0,0,0,0,0,0.01,1964.923014
0,0,0,0.263996,0,0,0,0,0,0,0,0,0,0,0,0.399202,0,0,0,0,0,0,0,0,0,0,0,0,0,0.336802,0,0,0,0,0,0,0,0,0,0,0,0,0,0,0,0,0,0,0,0,0,0,0,0,0,0,0.01,1443.866626
0,0,0,0.3345537,0,0,0,0,0,0,0,0,0,0,0,0.4929345,0,0,0,0,0,0,0,0,0,0,0,0,0,0.1725118,0,0,0,0,0,0,0,0,0,0,0,0,0,0,0,0,0,0,0,0,0,0,0,0,0,0,0.01,1829.305598
0,0,0,0.157371,0,0,0,0,0,0,0,0,0,0,0,0.775018,0,0,0,0,0,0,0,0,0,0,0,0,0,0.067611,0,0,0,0,0,0,0,0,0,0,0,0,0,0,0,0,0,0,0,0,0,0,0,0,0,0,0.01,1225.655144
0,0,0,0.200255,0,0,0,0,0,0,0,0,0,0,0,0.341247,0,0,0,0,0,0,0,0,0,0,0,0,0,0.458498,0,0,0,0,0,0,0,0,0,0,0,0,0,0,0,0,0,0,0,0,0,0,0,0,0,0,0.01,1162.434995
0,0,0,0.131017,0,0,0,0,0,0,0,0,0,0,0,0.713756,0,0,0,0,0,0,0,0,0,0,0,0,0,0.155227,0,0,0,0,0,0,0,0,0,0,0,0,0,0,0,0,0,0,0,0,0,0,0,0,0,0,0.01,1299.072091
0,0,0,0.21089,0,0,0,0,0,0,0,0,0,0,0,0.738552,0,0,0,0,0,0,0,0,0,0,0,0,0,0.050558,0,0,0,0,0,0,0,0,0,0,0,0,0,0,0,0,0,0,0,0,0,0,0,0,0,0,0.01,1394.921994
0,0,0,0.065181,0,0,0,0,0,0,0,0,0,0,0,0.789349,0,0,0,0,0,0,0,0,0,0,0,0,0,0.14547,0,0,0,0,0,0,0,0,0,0,0,0,0,0,0,0,0,0,0,0,0,0,0,0,0,0,0.01,1017.640461
0,0,0,0.593387,0,0,0,0,0,0,0,0,0,0,0,0.057371,0,0,0,0,0,0,0,0,0,0,0,0,0,0.349242,0,0,0,0,0,0,0,0,0,0,0,0,0,0,0,0,0,0,0,0,0,0,0,0,0,0,0.01,1921.076782
0,0,0,0.398012,0,0,0,0,0,0,0,0,0,0,0,0.520632,0,0,0,0,0,0,0,0,0,0,0,0,0,0.081356,0,0,0,0,0,0,0,0,0,0,0,0,0,0,0,0,0,0,0,0,0,0,0,0,0,0,0.01,1940.450698
0,0,0,0.050919,0,0,0,0,0,0,0,0,0,0,0,0.816342,0,0,0,0,0,0,0,0,0,0,0,0,0,0.132739,0,0,0,0,0,0,0,0,0,0,0,0,0,0,0,0,0,0,0,0,0,0,0,0,0,0,0.01,958.4990313
0,0,0,0.365885,0,0,0,0,0,0,0,0,0,0,0,0.410468,0,0,0,0,0,0,0,0,0,0,0,0,0,0.223647,0,0,0,0,0,0,0,0,0,0,0,0,0,0,0,0,0,0,0,0,0,0,0,0,0,0,0.01,2286.122158
0,0,0,0.4615435,0,0,0,0,0,0,0,0,0,0,0,0.4855295,0,0,0,0,0,0,0,0,0,0,0,0,0,0.0529271,0,0,0,0,0,0,0,0,0,0,0,0,0,0,0,0,0,0,0,0,0,0,0,0,0,0,0.01,1712.042419
0,0,0,0.568068,0,0,0,0,0,0,0,0,0,0,0,0.035474,0,0,0,0,0,0,0,0,0,0,0,0,0,0.396458,0,0,0,0,0,0,0,0,0,0,0,0,0,0,0,0,0,0,0,0,0,0,0,0,0,0,0.01,1840.522076
0,0,0,0.045404,0,0,0,0,0,0,0,0,0,0,0,0.84189,0,0,0,0,0,0,0,0,0,0,0,0,0,0.112706,0,0,0,0,0,0,0,0,0,0,0,0,0,0,0,0,0,0,0,0,0,0,0,0,0,0,0.01,1006.423983
0,0,0,0.062285,0,0,0,0,0,0,0,0,0,0,0,0.810816,0,0,0,0,0,0,0,0,0,0,0,0,0,0.126899,0,0,0,0,0,0,0,0,0,0,0,0,0,0,0,0,0,0,0,0,0,0,0,0,0,0,0.01,992.1484654
0,0,0,0.2392332,0,0,0,0,0,0,0,0,0,0,0,0.6644607,0,0,0,0,0,0,0,0,0,0,0,0,0,0.0963061,0,0,0,0,0,0,0,0,0,0,0,0,0,0,0,0,0,0,0,0,0,0,0,0,0,0,0.01,1593.759559
0,0,0,0.06893,0,0,0,0,0,0,0,0,0,0,0,0.851806,0,0,0,0,0,0,0,0,0,0,0,0,0,0.079264,0,0,0,0,0,0,0,0,0,0,0,0,0,0,0,0,0,0,0,0,0,0,0,0,0,0,0.01,941.1644744
0,0,0,0.192751,0,0,0,0,0,0,0,0,0,0,0,0.758152,0,0,0,0,0,0,0,0,0,0,0,0,0,0.049097,0,0,0,0,0,0,0,0,0,0,0,0,0,0,0,0,0,0,0,0,0,0,0,0,0,0,0.01,1322.524727
0,0,0,0.299272,0,0,0,0,0,0,0,0,0,0,0,0.492988,0,0,0,0,0,0,0,0,0,0,0,0,0,0.20774,0,0,0,0,0,0,0,0,0,0,0,0,0,0,0,0,0,0,0,0,0,0,0,0,0,0,0.01,2054.654838
0,0,0,0.098524,0,0,0,0,0,0,0,0,0,0,0,0.704611,0,0,0,0,0,0,0,0,0,0,0,0,0,0.196865,0,0,0,0,0,0,0,0,0,0,0,0,0,0,0,0,0,0,0,0,0,0,0,0,0,0,0.01,1010.502702
0,0,0,0.542336,0,0,0,0,0,0,0,0,0,0,0,0.037898,0,0,0,0,0,0,0,0,0,0,0,0,0,0.419766,0,0,0,0,0,0,0,0,0,0,0,0,0,0,0,0,0,0,0,0,0,0,0,0,0,0,0.01,1742.632813
0,0,0,0.062852,0,0,0,0,0,0,0,0,0,0,0,0.765973,0,0,0,0,0,0,0,0,0,0,0,0,0,0.171175,0,0,0,0,0,0,0,0,0,0,0,0,0,0,0,0,0,0,0,0,0,0,0,0,0,0,0.01,1059.447334
0,0,0,0.58435,0,0,0,0,0,0,0,0,0,0,0,0.087228,0,0,0,0,0,0,0,0,0,0,0,0,0,0.328423,0,0,0,0,0,0,0,0,0,0,0,0,0,0,0,0,0,0,0,0,0,0,0,0,0,0,0.01,2141.327623
0,0,0,0.667386,0,0,0,0,0,0,0,0,0,0,0,0.068676,0,0,0,0,0,0,0,0,0,0,0,0,0,0.263938,0,0,0,0,0,0,0,0,0,0,0,0,0,0,0,0,0,0,0,0,0,0,0,0,0,0,0.01,1812.990721
0,0,0,0.483493,0,0,0,0,0,0,0,0,0,0,0,0.017389,0,0,0,0,0,0,0,0,0,0,0,0,0,0.499118,0,0,0,0,0,0,0,0,0,0,0,0,0,0,0,0,0,0,0,0,0,0,0,0,0,0,0.01,1525.441012
0,0,0,0.426633,0,0,0,0,0,0,0,0,0,0,0,0.328933,0,0,0,0,0,0,0,0,0,0,0,0,0,0.244434,0,0,0,0,0,0,0,0,0,0,0,0,0,0,0,0,0,0,0,0,0,0,0,0,0,0,0.01,2203.528092
0,0,0,0.5110725,0,0,0,0,0,0,0,0,0,0,0,0.034084,0,0,0,0,0,0,0,0,0,0,0,0,0,0.4548435,0,0,0,0,0,0,0,0,0,0,0,0,0,0,0,0,0,0,0,0,0,0,0,0,0,0,0.01,1602.936678
0,0,0,0.570239,0,0,0,0,0,0,0,0,0,0,0,0.056601,0,0,0,0,0,0,0,0,0,0,0,0,0,0.37316,0,0,0,0,0,0,0,0,0,0,0,0,0,0,0,0,0,0,0,0,0,0,0,0,0,0,0.01,1866.014072
0,0,0,0.582993,0,0,0,0,0,0,0,0,0,0,0,0.026422,0,0,0,0,0,0,0,0,0,0,0,0,0,0.390585,0,0,0,0,0,0,0,0,0,0,0,0,0,0,0,0,0,0,0,0,0,0,0,0,0,0,0.01,1879.269909
0,0,0,0.26946,0,0,0,0,0,0,0,0,0,0,0,0.168931,0,0,0,0,0,0,0,0,0,0,0,0,0,0.561609,0,0,0,0,0,0,0,0,0,0,0,0,0,0,0,0,0,0,0,0,0,0,0,0,0,0,0.01,1158.356276
0,0,0,0.111655,0,0,0,0,0,0,0,0,0,0,0,0.718017,0,0,0,0,0,0,0,0,0,0,0,0,0,0.170328,0,0,0,0,0,0,0,0,0,0,0,0,0,0,0,0,0,0,0,0,0,0,0,0,0,0,0.01,1239.930662
0,0,0,0.121464,0,0,0,0,0,0,0,0,0,0,0,0.647462,0,0,0,0,0,0,0,0,0,0,0,0,0,0.231074,0,0,0,0,0,0,0,0,0,0,0,0,0,0,0,0,0,0,0,0,0,0,0,0,0,0,0.01,1081.88029
0,0,0,0.553515,0,0,0,0,0,0,0,0,0,0,0,0.214404,0,0,0,0,0,0,0,0,0,0,0,0,0,0.232081,0,0,0,0,0,0,0,0,0,0,0,0,0,0,0,0,0,0,0,0,0,0,0,0,0,0,0.01,2216.78393
0,0,0,0.173244,0,0,0,0,0,0,0,0,0,0,0,0.43586,0,0,0,0,0,0,0,0,0,0,0,0,0,0.390896,0,0,0,0,0,0,0,0,0,0,0,0,0,0,0,0,0,0,0,0,0,0,0,0,0,0,0.01,1145.100438
0,0,0,0.176469,0,0,0,0,0,0,0,0,0,0,0,0.596973,0,0,0,0,0,0,0,0,0,0,0,0,0,0.226558,0,0,0,0,0,0,0,0,0,0,0,0,0,0,0,0,0,0,0,0,0,0,0,0,0,0,0.01,1416.335271
0,0,0,0.093858,0,0,0,0,0,0,0,0,0,0,0,0.788718,0,0,0,0,0,0,0,0,0,0,0,0,0,0.117424,0,0,0,0,0,0,0,0,0,0,0,0,0,0,0,0,0,0,0,0,0,0,0,0,0,0,0.01,1013.561742
0,0,0,0.147714,0,0,0,0,0,0,0,0,0,0,0,0.810564,0,0,0,0,0,0,0,0,0,0,0,0,0,0.041722,0,0,0,0,0,0,0,0,0,0,0,0,0,0,0,0,0,0,0,0,0,0,0,0,0,0,0.01,1196.084429
0,0,0,0.080503,0,0,0,0,0,0,0,0,0,0,0,0.804139,0,0,0,0,0,0,0,0,0,0,0,0,0,0.115358,0,0,0,0,0,0,0,0,0,0,0,0,0,0,0,0,0,0,0,0,0,0,0,0,0,0,0.01,993.1681452
0,0,0,0.279734,0,0,0,0,0,0,0,0,0,0,0,0.617543,0,0,0,0,0,0,0,0,0,0,0,0,0,0.102723,0,0,0,0,0,0,0,0,0,0,0,0,0,0,0,0,0,0,0,0,0,0,0,0,0,0,0.01,1716.121138
0,0,0,0.604455,0,0,0,0,0,0,0,0,0,0,0,0.03832,0,0,0,0,0,0,0,0,0,0,0,0,0,0.357225,0,0,0,0,0,0,0,0,0,0,0,0,0,0,0,0,0,0,0,0,0,0,0,0,0,0,0.01,2253.492403
0,0,0,0.506464,0,0,0,0,0,0,0,0,0,0,0,0.168829,0,0,0,0,0,0,0,0,0,0,0,0,0,0.324708,0,0,0,0,0,0,0,0,0,0,0,0,0,0,0,0,0,0,0,0,0,0,0,0,0,0,0.01,2268.787601
0,0,0,0.268034,0,0,0,0,0,0,0,0,0,0,0,0.664999,0,0,0,0,0,0,0,0,0,0,0,0,0,0.066967,0,0,0,0,0,0,0,0,0,0,0,0,0,0,0,0,0,0,0,0,0,0,0,0,0,0,0.01,1584.582441
0,0,0,0.200428,0,0,0,0,0,0,0,0,0,0,0,0.740384,0,0,0,0,0,0,0,0,0,0,0,0,0,0.059188,0,0,0,0,0,0,0,0,0,0,0,0,0,0,0,0,0,0,0,0,0,0,0,0,0,0,0.01,1422.45335
0,0,0,0.1751632,0,0,0,0,0,0,0,0,0,0,0,0.4670625,0,0,0,0,0,0,0,0,0,0,0,0,0,0.3577744,0,0,0,0,0,0,0,0,0,0,0,0,0,0,0,0,0,0,0,0,0,0,0,0,0,0,0.01,1164.474355
0,0,0,0.539157,0,0,0,0,0,0,0,0,0,0,0,0.02044,0,0,0,0,0,0,0,0,0,0,0,0,0,0.440403,0,0,0,0,0,0,0,0,0,0,0,0,0,0,0,0,0,0,0,0,0,0,0,0,0,0,0.01,1697.766901
0,0,0,0.501675,0,0,0,0,0,0,0,0,0,0,0,0.090317,0,0,0,0,0,0,0,0,0,0,0,0,0,0.408008,0,0,0,0,0,0,0,0,0,0,0,0,0,0,0,0,0,0,0,0,0,0,0,0,0,0,0.01,1719.180177
0,0,0,0.29668,0,0,0,0,0,0,0,0,0,0,0,0.559974,0,0,0,0,0,0,0,0,0,0,0,0,0,0.143346,0,0,0,0,0,0,0,0,0,0,0,0,0,0,0,0,0,0,0,0,0,0,0,0,0,0,0.01,1494.850617
0,0,0,0.2415032,0,0,0,0,0,0,0,0,0,0,0,0.7104177,0,0,0,0,0,0,0,0,0,0,0,0,0,0.048079,0,0,0,0,0,0,0,0,0,0,0,0,0,0,0,0,0,0,0,0,0,0,0,0,0,0,0.01,1362.29224
0,0,0,0.3910336,0,0,0,0,0,0,0,0,0,0,0,0.2283498,0,0,0,0,0,0,0,0,0,0,0,0,0,0.3806166,0,0,0,0,0,0,0,0,0,0,0,0,0,0,0,0,0,0,0,0,0,0,0,0,0,0,0.01,2190.272255
0,0,0,0.495949,0,0,0,0,0,0,0,0,0,0,0,0.268236,0,0,0,0,0,0,0,0,0,0,0,0,0,0.235815,0,0,0,0,0,0,0,0,0,0,0,0,0,0,0,0,0,0,0,0,0,0,0,0,0,0,0.01,2101.56011
0,0,0,0.558473,0,0,0,0,0,0,0,0,0,0,0,0.344149,0,0,0,0,0,0,0,0,0,0,0,0,0,0.097378,0,0,0,0,0,0,0,0,0,0,0,0,0,0,0,0,0,0,0,0,0,0,0,0,0,0,0.01,2166.819619
0,0,0,0.551541,0,0,0,0,0,0,0,0,0,0,0,0.033742,0,0,0,0,0,0,0,0,0,0,0,0,0,0.414716,0,0,0,0,0,0,0,0,0,0,0,0,0,0,0,0,0,0,0,0,0,0,0,0,0,0,0.01,1819.1088
0,0,0,0.407439,0,0,0,0,0,0,0,0,0,0,0,0.446945,0,0,0,0,0,0,0,0,0,0,0,0,0,0.145616,0,0,0,0,0,0,0,0,0,0,0,0,0,0,0,0,0,0,0,0,0,0,0,0,0,0,0.01,2013.867646
0,0,0,0.2086378,0,0,0,0,0,0,0,0,0,0,0,0.3386207,0,0,0,0,0,0,0,0,0,0,0,0,0,0.4527415,0,0,0,0,0,0,0,0,0,0,0,0,0,0,0,0,0,0,0,0,0,0,0,0,0,0,0.01,1184.867951
0,0,0,0.402477,0,0,0,0,0,0,0,0,0,0,0,0.336685,0,0,0,0,0,0,0,0,0,0,0,0,0,0.260838,0,0,0,0,0,0,0,0,0,0,0,0,0,0,0,0,0,0,0,0,0,0,0,0,0,0,0.01,2229.020088
0,0,0,0.566642,0,0,0,0,0,0,0,0,0,0,0,0.026864,0,0,0,0,0,0,0,0,0,0,0,0,0,0.406494,0,0,0,0,0,0,0,0,0,0,0,0,0,0,0,0,0,0,0,0,0,0,0,0,0,0,0.01,2068.930356
0,0,0,0.630547,0,0,0,0,0,0,0,0,0,0,0,0.086044,0,0,0,0,0,0,0,0,0,0,0,0,0,0.283409,0,0,0,0,0,0,0,0,0,0,0,0,0,0,0,0,0,0,0,0,0,0,0,0,0,0,0.01,1950.647497
0,0,0,0.588721,0,0,0,0,0,0,0,0,0,0,0,0.030723,0,0,0,0,0,0,0,0,0,0,0,0,0,0.380556,0,0,0,0,0,0,0,0,0,0,0,0,0,0,0,0,0,0,0,0,0,0,0,0,0,0,0.01,2170.898338
0,0,0,0.1334229,0,0,0,0,0,0,0,0,0,0,0,0.4445656,0,0,0,0,0,0,0,0,0,0,0,0,0,0.4220116,0,0,0,0,0,0,0,0,0,0,0,0,0,0,0,0,0,0,0,0,0,0,0,0,0,0,0.01,1241.970021
0,0,0,0.261431,0,0,0,0,0,0,0,0,0,0,0,0.623696,0,0,0,0,0,0,0,0,0,0,0,0,0,0.114873,0,0,0,0,0,0,0,0,0,0,0,0,0,0,0,0,0,0,0,0,0,0,0,0,0,0,0.01,1503.008055
0,0,0,0.249109,0,0,0,0,0,0,0,0,0,0,0,0.247181,0,0,0,0,0,0,0,0,0,0,0,0,0,0.50371,0,0,0,0,0,0,0,0,0,0,0,0,0,0,0,0,0,0,0,0,0,0,0,0,0,0,0.01,1157.336596
0,0,0,0.418897,0,0,0,0,0,0,0,0,0,0,0,0.528928,0,0,0,0,0,0,0,0,0,0,0,0,0,0.052175,0,0,0,0,0,0,0,0,0,0,0,0,0,0,0,0,0,0,0,0,0,0,0,0,0,0,0.01,1689.609463
0,0,0,0.101785,0,0,0,0,0,0,0,0,0,0,0,0.849353,0,0,0,0,0,0,0,0,0,0,0,0,0,0.048862,0,0,0,0,0,0,0,0,0,0,0,0,0,0,0,0,0,0,0,0,0,0,0,0,0,0,0.01,1072.703171
0,0,0,0.4487104,0,0,0,0,0,0,0,0,0,0,0,0.4664315,0,0,0,0,0,0,0,0,0,0,0,0,0,0.0848581,0,0,0,0,0,0,0,0,0,0,0,0,0,0,0,0,0,0,0,0,0,0,0,0,0,0,0.01,2035.280922
0,0,0,0.227006,0,0,0,0,0,0,0,0,0,0,0,0.244424,0,0,0,0,0,0,0,0,0,0,0,0,0,0.52857,0,0,0,0,0,0,0,0,0,0,0,0,0,0,0,0,0,0,0,0,0,0,0,0,0,0,0.01,1178.749873
0,0,0,0.1121441,0,0,0,0,0,0,0,0,0,0,0,0.7108927,0,0,0,0,0,0,0,0,0,0,0,0,0,0.1769632,0,0,0,0,0,0,0,0,0,0,0,0,0,0,0,0,0,0,0,0,0,0,0,0,0,0,0.01,1066.585092
0,0,0,0.366245,0,0,0,0,0,0,0,0,0,0,0,0.367158,0,0,0,0,0,0,0,0,0,0,0,0,0,0.266597,0,0,0,0,0,0,0,0,0,0,0,0,0,0,0,0,0,0,0,0,0,0,0,0,0,0,0.01,2155.603141
0,0,0,0.382853,0,0,0,0,0,0,0,0,0,0,0,0.444932,0,0,0,0,0,0,0,0,0,0,0,0,0,0.172215,0,0,0,0,0,0,0,0,0,0,0,0,0,0,0,0,0,0,0,0,0,0,0,0,0,0,0.01,1796.675844
0,0,0,0.331277,0,0,0,0,0,0,0,0,0,0,0,0.56899,0,0,0,0,0,0,0,0,0,0,0,0,0,0.099733,0,0,0,0,0,0,0,0,0,0,0,0,0,0,0,0,0,0,0,0,0,0,0,0,0,0,0.01,1812.990721
0,0,0,0.104312,0,0,0,0,0,0,0,0,0,0,0,0.775472,0,0,0,0,0,0,0,0,0,0,0,0,0,0.120216,0,0,0,0,0,0,0,0,0,0,0,0,0,0,0,0,0,0,0,0,0,0,0,0,0,0,0.01,1219.537065
0,0,0,0.2956167,0,0,0,0,0,0,0,0,0,0,0,0.6321814,0,0,0,0,0,0,0,0,0,0,0,0,0,0.0722019,0,0,0,0,0,0,0,0,0,0,0,0,0,0,0,0,0,0,0,0,0,0,0,0,0,0,0.01,1558.070766
0,0,0,0.562389,0,0,0,0,0,0,0,0,0,0,0,0.068512,0,0,0,0,0,0,0,0,0,0,0,0,0,0.3691,0,0,0,0,0,0,0,0,0,0,0,0,0,0,0,0,0,0,0,0,0,0,0,0,0,0,0.01,1977.159172
0,0,0,0.260619,0,0,0,0,0,0,0,0,0,0,0,0.164249,0,0,0,0,0,0,0,0,0,0,0,0,0,0.575132,0,0,0,0,0,0,0,0,0,0,0,0,0,0,0,0,0,0,0,0,0,0,0,0,0,0,0.01,1168.553074
0,0,0,0.082158,0,0,0,0,0,0,0,0,0,0,0,0.728255,0,0,0,0,0,0,0,0,0,0,0,0,0,0.189587,0,0,0,0,0,0,0,0,0,0,0,0,0,0,0,0,0,0,0,0,0,0,0,0,0,0,0.01,1094.116447
0,0,0,0.165353,0,0,0,0,0,0,0,0,0,0,0,0.495885,0,0,0,0,0,0,0,0,0,0,0,0,0,0.338762,0,0,0,0,0,0,0,0,0,0,0,0,0,0,0,0,0,0,0,0,0,0,0,0,0,0,0.01,1155.297237
0,0,0,0.61548,0,0,0,0,0,0,0,0,0,0,0,0.1155,0,0,0,0,0,0,0,0,0,0,0,0,0,0.26902,0,0,0,0,0,0,0,0,0,0,0,0,0,0,0,0,0,0,0,0,0,0,0,0,0,0,0.01,1787.498725
0,0,0,0.2411692,0,0,0,0,0,0,0,0,0,0,0,0.1573082,0,0,0,0,0,0,0,0,0,0,0,0,0,0.6015226,0,0,0,0,0,0,0,0,0,0,0,0,0,0,0,0,0,0,0,0,0,0,0,0,0,0,0.01,1132.864281
0,0,0,0.24349,0,0,0,0,0,0,0,0,0,0,0,0.592623,0,0,0,0,0,0,0,0,0,0,0,0,0,0.163887,0,0,0,0,0,0,0,0,0,0,0,0,0,0,0,0,0,0,0,0,0,0,0,0,0,0,0.01,1782.400326
0,0,0,0.1808438,0,0,0,0,0,0,0,0,0,0,0,0.4311986,0,0,0,0,0,0,0,0,0,0,0,0,0,0.3879576,0,0,0,0,0,0,0,0,0,0,0,0,0,0,0,0,0,0,0,0,0,0,0,0,0,0,0.01,1168.553074
0,0,0,0.111242,0,0,0,0,0,0,0,0,0,0,0,0.523179,0,0,0,0,0,0,0,0,0,0,0,0,0,0.365579,0,0,0,0,0,0,0,0,0,0,0,0,0,0,0,0,0,0,0,0,0,0,0,0,0,0,0.01,1165.494035
0,0,0,0.5942,0,0,0,0,0,0,0,0,0,0,0,0.070287,0,0,0,0,0,0,0,0,0,0,0,0,0,0.335513,0,0,0,0,0,0,0,0,0,0,0,0,0,0,0,0,0,0,0,0,0,0,0,0,0,0,0.01,2181.095136
0,0,0,0.420944,0,0,0,0,0,0,0,0,0,0,0,0.403289,0,0,0,0,0,0,0,0,0,0,0,0,0,0.175767,0,0,0,0,0,0,0,0,0,0,0,0,0,0,0,0,0,0,0,0,0,0,0,0,0,0,0.01,1871.112471
0,0,0,0.128867,0,0,0,0,0,0,0,0,0,0,0,0.823812,0,0,0,0,0,0,0,0,0,0,0,0,0,0.047321,0,0,0,0,0,0,0,0,0,0,0,0,0,0,0,0,0,0,0,0,0,0,0,0,0,0,0.01,1173.651473
0,0,0,0.4701805,0,0,0,0,0,0,0,0,0,0,0,0.4597185,0,0,0,0,0,0,0,0,0,0,0,0,0,0.0701011,0,0,0,0,0,0,0,0,0,0,0,0,0,0,0,0,0,0,0,0,0,0,0,0,0,0,0.01,1924.135821
0,0,0,0.1004771,0,0,0,0,0,0,0,0,0,0,0,0.6542047,0,0,0,0,0,0,0,0,0,0,0,0,0,0.2453182,0,0,0,0,0,0,0,0,0,0,0,0,0,0,0,0,0,0,0,0,0,0,0,0,0,0,0.01,1129.805241
0,0,0,0.25016,0,0,0,0,0,0,0,0,0,0,0,0.132919,0,0,0,0,0,0,0,0,0,0,0,0,0,0.616921,0,0,0,0,0,0,0,0,0,0,0,0,0,0,0,0,0,0,0,0,0,0,0,0,0,0,0.01,1110.431325
0,0,0,0.2972073,0,0,0,0,0,0,0,0,0,0,0,0.6058956,0,0,0,0,0,0,0,0,0,0,0,0,0,0.0968971,0,0,0,0,0,0,0,0,0,0,0,0,0,0,0,0,0,0,0,0,0,0,0,0,0,0,0.01,1713.062099
0,0,0,0.355413,0,0,0,0,0,0,0,0,0,0,0,0.390273,0,0,0,0,0,0,0,0,0,0,0,0,0,0.254314,0,0,0,0,0,0,0,0,0,0,0,0,0,0,0,0,0,0,0,0,0,0,0,0,0,0,0.01,2170.898338
0,0,0,0.227902,0,0,0,0,0,0,0,0,0,0,0,0.690301,0,0,0,0,0,0,0,0,0,0,0,0,0,0.081797,0,0,0,0,0,0,0,0,0,0,0,0,0,0,0,0,0,0,0,0,0,0,0,0,0,0,0.01,1413.276231
0,0,0,0.305647,0,0,0,0,0,0,0,0,0,0,0,0.575841,0,0,0,0,0,0,0,0,0,0,0,0,0,0.118512,0,0,0,0,0,0,0,0,0,0,0,0,0,0,0,0,0,0,0,0,0,0,0,0,0,0,0.01,1976.139492
0,0,0,0.285148,0,0,0,0,0,0,0,0,0,0,0,0.56378,0,0,0,0,0,0,0,0,0,0,0,0,0,0.151072,0,0,0,0,0,0,0,0,0,0,0,0,0,0,0,0,0,0,0,0,0,0,0,0,0,0,0.01,1976.139492
0,0,0,0.406395,0,0,0,0,0,0,0,0,0,0,0,0.011115,0,0,0,0,0,0,0,0,0,0,0,0,0,0.58249,0,0,0,0,0,0,0,0,0,0,0,0,0,0,0,0,0,0,0,0,0,0,0,0,0,0,0.01,1242.989701
0,0,0,0.2229598,0,0,0,0,0,0,0,0,0,0,0,0.7132383,0,0,0,0,0,0,0,0,0,0,0,0,0,0.0638019,0,0,0,0,0,0,0,0,0,0,0,0,0,0,0,0,0,0,0,0,0,0,0,0,0,0,0.01,1429.591108
0,0,0,0.56553,0,0,0,0,0,0,0,0,0,0,0,0.119241,0,0,0,0,0,0,0,0,0,0,0,0,0,0.315229,0,0,0,0,0,0,0,0,0,0,0,0,0,0,0,0,0,0,0,0,0,0,0,0,0,0,0.01,2132.150505
0,0,0,0.10088,0,0,0,0,0,0,0,0,0,0,0,0.7416,0,0,0,0,0,0,0,0,0,0,0,0,0,0.15752,0,0,0,0,0,0,0,0,0,0,0,0,0,0,0,0,0,0,0,0,0,0,0,0,0,0,0.01,1043.132456
0,0,0,0.548127,0,0,0,0,0,0,0,0,0,0,0,0.023083,0,0,0,0,0,0,0,0,0,0,0,0,0,0.42879,0,0,0,0,0,0,0,0,0,0,0,0,0,0,0,0,0,0,0,0,0,0,0,0,0,0,0.01,1782.400326
0,0,0,0.405121,0,0,0,0,0,0,0,0,0,0,0,0.405631,0,0,0,0,0,0,0,0,0,0,0,0,0,0.189247,0,0,0,0,0,0,0,0,0,0,0,0,0,0,0,0,0,0,0,0,0,0,0,0,0,0,0.01,2221.882329
0,0,0,0.4114686,0,0,0,0,0,0,0,0,0,0,0,0.5103765,0,0,0,0,0,0,0,0,0,0,0,0,0,0.0781549,0,0,0,0,0,0,0,0,0,0,0,0,0,0,0,0,0,0,0,0,0,0,0,0,0,0,0.01,1716.121138
0,0,0,0.718705,0,0,0,0,0,0,0,0,0,0,0,0.06195,0,0,0,0,0,0,0,0,0,0,0,0,0,0.219344,0,0,0,0,0,0,0,0,0,0,0,0,0,0,0,0,0,0,0,0,0,0,0,0,0,0,0.01,1591.7202
0,0,0,0.114724,0,0,0,0,0,0,0,0,0,0,0,0.608365,0,0,0,0,0,0,0,0,0,0,0,0,0,0.276911,0,0,0,0,0,0,0,0,0,0,0,0,0,0,0,0,0,0,0,0,0,0,0,0,0,0,0.01,1148.159478
0,0,0,0.2038132,0,0,0,0,0,0,0,0,0,0,0,0.7345767,0,0,0,0,0,0,0,0,0,0,0,0,0,0.0616101,0,0,0,0,0,0,0,0,0,0,0,0,0,0,0,0,0,0,0,0,0,0,0,0,0,0,0.01,1354.134802
0,0,0,0.0570671,0,0,0,0,0,0,0,0,0,0,0,0.8084838,0,0,0,0,0,0,0,0,0,0,0,0,0,0.1344491,0,0,0,0,0,0,0,0,0,0,0,0,0,0,0,0,0,0,0,0,0,0,0,0,0,0,0.01,1026.817579
0,0,0,0.4587535,0,0,0,0,0,0,0,0,0,0,0,0.3679534,0,0,0,0,0,0,0,0,0,0,0,0,0,0.1732932,0,0,0,0,0,0,0,0,0,0,0,0,0,0,0,0,0,0,0,0,0,0,0,0,0,0,0.01,2164.780259
0,0,0,0.109702,0,0,0,0,0,0,0,0,0,0,0,0.69262,0,0,0,0,0,0,0,0,0,0,0,0,0,0.197678,0,0,0,0,0,0,0,0,0,0,0,0,0,0,0,0,0,0,0,0,0,0,0,0,0,0,0.01,1062.506373
0,0,0,0.3774426,0,0,0,0,0,0,0,0,0,0,0,0.5013235,0,0,0,0,0,0,0,0,0,0,0,0,0,0.1212339,0,0,0,0,0,0,0,0,0,0,0,0,0,0,0,0,0,0,0,0,0,0,0,0,0,0,0.01,2112.776588
0,0,0,0.252985,0,0,0,0,0,0,0,0,0,0,0,0.436536,0,0,0,0,0,0,0,0,0,0,0,0,0,0.310479,0,0,0,0,0,0,0,0,0,0,0,0,0,0,0,0,0,0,0,0,0,0,0,0,0,0,0.01,1455.083104
0,0,0,0.103577,0,0,0,0,0,0,0,0,0,0,0,0.756791,0,0,0,0,0,0,0,0,0,0,0,0,0,0.139632,0,0,0,0,0,0,0,0,0,0,0,0,0,0,0,0,0,0,0,0,0,0,0,0,0,0,0.01,1026.817579
0,0,0,0.1725612,0,0,0,0,0,0,0,0,0,0,0,0.7004077,0,0,0,0,0,0,0,0,0,0,0,0,0,0.1270311,0,0,0,0,0,0,0,0,0,0,0,0,0,0,0,0,0,0,0,0,0,0,0,0,0,0,0.01,1344.957683
0,0,0,0.2301998,0,0,0,0,0,0,0,0,0,0,0,0.2131368,0,0,0,0,0,0,0,0,0,0,0,0,0,0.5566634,0,0,0,0,0,0,0,0,0,0,0,0,0,0,0,0,0,0,0,0,0,0,0,0,0,0,0.01,1147.139798
0,0,0,0.30717,0,0,0,0,0,0,0,0,0,0,0,0.5091,0,0,0,0,0,0,0,0,0,0,0,0,0,0.18373,0,0,0,0,0,0,0,0,0,0,0,0,0,0,0,0,0,0,0,0,0,0,0,0,0,0,0.01,2193.331294
0,0,0,0.098008,0,0,0,0,0,0,0,0,0,0,0,0.633982,0,0,0,0,0,0,0,0,0,0,0,0,0,0.26801,0,0,0,0,0,0,0,0,0,0,0,0,0,0,0,0,0,0,0,0,0,0,0,0,0,0,0.01,1153.257877
0,0,0,0.36866,0,0,0,0,0,0,0,0,0,0,0,0.48357,0,0,0,0,0,0,0,0,0,0,0,0,0,0.14777,0,0,0,0,0,0,0,0,0,0,0,0,0,0,0,0,0,0,0,0,0,0,0,0,0,0,0.01,1880.289589
0,0,0,0.388676,0,0,0,0,0,0,0,0,0,0,0,0.368646,0,0,0,0,0,0,0,0,0,0,0,0,0,0.242678,0,0,0,0,0,0,0,0,0,0,0,0,0,0,0,0,0,0,0,0,0,0,0,0,0,0,0.01,2050.576119
0,0,0,0.3971776,0,0,0,0,0,0,0,0,0,0,0,0.4708565,0,0,0,0,0,0,0,0,0,0,0,0,0,0.1319659,0,0,0,0,0,0,0,0,0,0,0,0,0,0,0,0,0,0,0,0,0,0,0,0,0,0,0.01,1892.525747
0,0,0,0.4839255,0,0,0,0,0,0,0,0,0,0,0,0.011675,0,0,0,0,0,0,0,0,0,0,0,0,0,0.5043995,0,0,0,0,0,0,0,0,0,0,0,0,0,0,0,0,0,0,0,0,0,0,0,0,0,0,0.01,1467.319262
0,0,0,0.251219,0,0,0,0,0,0,0,0,0,0,0,0.374052,0,0,0,0,0,0,0,0,0,0,0,0,0,0.374729,0,0,0,0,0,0,0,0,0,0,0,0,0,0,0,0,0,0,0,0,0,0,0,0,0,0,0.01,1416.335271
0,0,0,0.617896,0,0,0,0,0,0,0,0,0,0,0,0.070059,0,0,0,0,0,0,0,0,0,0,0,0,0,0.312044,0,0,0,0,0,0,0,0,0,0,0,0,0,0,0,0,0,0,0,0,0,0,0,0,0,0,0.01,1974.100133
0,0,0,0.142432,0,0,0,0,0,0,0,0,0,0,0,0.530065,0,0,0,0,0,0,0,0,0,0,0,0,0,0.327503,0,0,0,0,0,0,0,0,0,0,0,0,0,0,0,0,0,0,0,0,0,0,0,0,0,0,0.01,1089.018048
0,0,0,0.446421,0,0,0,0,0,0,0,0,0,0,0,0.272685,0,0,0,0,0,0,0,0,0,0,0,0,0,0.280894,0,0,0,0,0,0,0,0,0,0,0,0,0,0,0,0,0,0,0,0,0,0,0,0,0,0,0.01,2153.563781
0,0,0,0.606273,0,0,0,0,0,0,0,0,0,0,0,0.101415,0,0,0,0,0,0,0,0,0,0,0,0,0,0.292313,0,0,0,0,0,0,0,0,0,0,0,0,0,0,0,0,0,0,0,0,0,0,0,0,0,0,0.01,1984.296931
0,0,0,0.35206,0,0,0,0,0,0,0,0,0,0,0,0.454268,0,0,0,0,0,0,0,0,0,0,0,0,0,0.193672,0,0,0,0,0,0,0,0,0,0,0,0,0,0,0,0,0,0,0,0,0,0,0,0,0,0,0.01,1767.105129
0,0,0,0.177627,0,0,0,0,0,0,0,0,0,0,0,0.75027,0,0,0,0,0,0,0,0,0,0,0,0,0,0.072103,0,0,0,0,0,0,0,0,0,0,0,0,0,0,0,0,0,0,0,0,0,0,0,0,0,0,0.01,1282.757214
0,0,0,0.615627,0,0,0,0,0,0,0,0,0,0,0,0.028468,0,0,0,0,0,0,0,0,0,0,0,0,0,0.355905,0,0,0,0,0,0,0,0,0,0,0,0,0,0,0,0,0,0,0,0,0,0,0,0,0,0,0.01,2274.90568
0,0,0,0.1434331,0,0,0,0,0,0,0,0,0,0,0,0.6470516,0,0,0,0,0,0,0,0,0,0,0,0,0,0.2095152,0,0,0,0,0,0,0,0,0,0,0,0,0,0,0,0,0,0,0,0,0,0,0,0,0,0,0.01,1077.80157
0,0,0,0.342898,0,0,0,0,0,0,0,0,0,0,0,0.472965,0,0,0,0,0,0,0,0,0,0,0,0,0,0.184137,0,0,0,0,0,0,0,0,0,0,0,0,0,0,0,0,0,0,0,0,0,0,0,0,0,0,0.01,2187.213215
0,0,0,0.3621936,0,0,0,0,0,0,0,0,0,0,0,0.5358555,0,0,0,0,0,0,0,0,0,0,0,0,0,0.1019509,0,0,0,0,0,0,0,0,0,0,0,0,0,0,0,0,0,0,0,0,0,0,0,0,0,0,0.01,1934.33262
0,0,0,0.2500137,0,0,0,0,0,0,0,0,0,0,0,0.6763963,0,0,0,0,0,0,0,0,0,0,0,0,0,0.0735899,0,0,0,0,0,0,0,0,0,0,0,0,0,0,0,0,0,0,0,0,0,0,0,0,0,0,0.01,1564.188845
0,0,0,0.537746,0,0,0,0,0,0,0,0,0,0,0,0.081519,0,0,0,0,0,0,0,0,0,0,0,0,0,0.380735,0,0,0,0,0,0,0,0,0,0,0,0,0,0,0,0,0,0,0,0,0,0,0,0,0,0,0.01,2209.646171
0,0,0,0.389699,0,0,0,0,0,0,0,0,0,0,0,0.311939,0,0,0,0,0,0,0,0,0,0,0,0,0,0.298362,0,0,0,0,0,0,0,0,0,0,0,0,0,0,0,0,0,0,0,0,0,0,0,0,0,0,0.01,2180.075456
0,0,0,0.488513,0,0,0,0,0,0,0,0,0,0,0,0.409909,0,0,0,0,0,0,0,0,0,0,0,0,0,0.101578,0,0,0,0,0,0,0,0,0,0,0,0,0,0,0,0,0,0,0,0,0,0,0,0,0,0,0.01,2158.66218
0,0,0,0.048186,0,0,0,0,0,0,0,0,0,0,0,0.857088,0,0,0,0,0,0,0,0,0,0,0,0,0,0.094726,0,0,0,0,0,0,0,0,0,0,0,0,0,0,0,0,0,0,0,0,0,0,0,0,0,0,0.01,957.4793515
0,0,0,0.361485,0,0,0,0,0,0,0,0,0,0,0,0.487038,0,0,0,0,0,0,0,0,0,0,0,0,0,0.151477,0,0,0,0,0,0,0,0,0,0,0,0,0,0,0,0,0,0,0,0,0,0,0,0,0,0,0.01,1698.786581
0,0,0,0.134216,0,0,0,0,0,0,0,0,0,0,0,0.634988,0,0,0,0,0,0,0,0,0,0,0,0,0,0.230796,0,0,0,0,0,0,0,0,0,0,0,0,0,0,0,0,0,0,0,0,0,0,0,0,0,0,0.01,1125.726522
0,0,0,0.324909,0,0,0,0,0,0,0,0,0,0,0,0.460666,0,0,0,0,0,0,0,0,0,0,0,0,0,0.214425,0,0,0,0,0,0,0,0,0,0,0,0,0,0,0,0,0,0,0,0,0,0,0,0,0,0,0.01,2063.831957
0,0,0,0.1523928,0,0,0,0,0,0,0,0,0,0,0,0.4971865,0,0,0,0,0,0,0,0,0,0,0,0,0,0.3504206,0,0,0,0,0,0,0,0,0,0,0,0,0,0,0,0,0,0,0,0,0,0,0,0,0,0,0.01,1072.703171
0,0,0,0.397438,0,0,0,0,0,0,0,0,0,0,0,0.542201,0,0,0,0,0,0,0,0,0,0,0,0,0,0.060361,0,0,0,0,0,0,0,0,0,0,0,0,0,0,0,0,0,0,0,0,0,0,0,0,0,0,0.01,1751.809932
0,0,0,0.256198,0,0,0,0,0,0,0,0,0,0,0,0.610759,0,0,0,0,0,0,0,0,0,0,0,0,0,0.133043,0,0,0,0,0,0,0,0,0,0,0,0,0,0,0,0,0,0,0,0,0,0,0,0,0,0,0.01,1617.212195
